# Ashfall generated mesh
o ashfall_level
v -15.0000 0.0300 -15.0000
v -12.5000 0.0300 -15.0000
v -12.5000 0.0300 -12.5000
v -15.0000 0.0300 -12.5000
v -10.0000 0.0300 -15.0000
v -10.0000 0.0300 -12.5000
v -7.5000 0.0300 -15.0000
v -7.5000 0.0300 -12.5000
v -5.0000 0.0300 -15.0000
v -5.0000 0.0300 -12.5000
v -2.5000 0.0300 -15.0000
v -2.5000 0.0300 -12.5000
v 0.0000 0.0300 -15.0000
v 0.0000 0.0300 -12.5000
v 2.5000 0.0300 -15.0000
v 2.5000 0.0300 -12.5000
v 5.0000 0.0300 -15.0000
v 5.0000 0.0300 -12.5000
v 7.5000 0.0300 -15.0000
v 7.5000 0.0300 -12.5000
v 10.0000 0.0300 -15.0000
v 10.0000 0.0300 -12.5000
v 12.5000 0.0300 -15.0000
v 12.5000 0.0300 -12.5000
v 15.0000 0.0300 -15.0000
v 15.0000 0.0300 -12.5000
v -12.5000 0.0300 -10.0000
v -15.0000 0.0300 -10.0000
v -10.0000 0.0300 -10.0000
v -7.5000 0.0300 -10.0000
v -5.0000 0.0300 -10.0000
v -2.5000 0.0300 -10.0000
v 0.0000 0.0300 -10.0000
v 2.5000 0.0300 -10.0000
v 5.0000 0.0300 -10.0000
v 7.5000 0.0300 -10.0000
v 10.0000 0.0300 -10.0000
v 12.5000 0.0300 -10.0000
v 15.0000 0.0300 -10.0000
v -12.5000 0.0300 -7.5000
v -15.0000 0.0300 -7.5000
v -10.0000 0.0300 -7.5000
v -7.5000 0.0300 -7.5000
v -5.0000 0.0300 -7.5000
v -2.5000 0.0300 -7.5000
v 0.0000 0.0300 -7.5000
v 2.5000 0.0300 -7.5000
v 5.0000 0.0300 -7.5000
v 7.5000 0.0300 -7.5000
v 10.0000 0.0300 -7.5000
v 12.5000 0.0300 -7.5000
v 15.0000 0.0300 -7.5000
v -12.5000 0.0300 -5.0000
v -15.0000 0.0300 -5.0000
v -10.0000 0.0300 -5.0000
v -7.5000 0.0300 -5.0000
v -5.0000 0.0300 -5.0000
v -2.5000 0.0300 -5.0000
v 0.0000 0.0300 -5.0000
v 2.5000 0.0300 -5.0000
v 5.0000 0.0300 -5.0000
v 7.5000 0.0300 -5.0000
v 10.0000 0.0300 -5.0000
v 12.5000 0.0300 -5.0000
v 15.0000 0.0300 -5.0000
v -12.5000 0.0300 -2.5000
v -15.0000 0.0300 -2.5000
v -10.0000 0.0300 -2.5000
v -7.5000 0.0300 -2.5000
v -5.0000 0.0300 -2.5000
v -2.5000 0.0300 -2.5000
v 0.0000 0.0300 -2.5000
v 2.5000 0.0300 -2.5000
v 5.0000 0.0300 -2.5000
v 7.5000 0.0300 -2.5000
v 10.0000 0.0300 -2.5000
v 12.5000 0.0300 -2.5000
v 15.0000 0.0300 -2.5000
v -12.5000 0.0300 0.0000
v -15.0000 0.0300 0.0000
v -10.0000 0.0300 0.0000
v -7.5000 0.0300 0.0000
v -5.0000 0.0300 0.0000
v -2.5000 0.0300 0.0000
v 0.0000 0.0300 0.0000
v 2.5000 0.0300 0.0000
v 5.0000 0.0300 0.0000
v 7.5000 0.0300 0.0000
v 10.0000 0.0300 0.0000
v 12.5000 0.0300 0.0000
v 15.0000 0.0300 0.0000
v -12.5000 0.0300 2.5000
v -15.0000 0.0300 2.5000
v -10.0000 0.0300 2.5000
v -7.5000 0.0300 2.5000
v -5.0000 0.0300 2.5000
v -2.5000 0.0300 2.5000
v 0.0000 0.0300 2.5000
v 2.5000 0.0300 2.5000
v 5.0000 0.0300 2.5000
v 7.5000 0.0300 2.5000
v 10.0000 0.0300 2.5000
v 12.5000 0.0300 2.5000
v 15.0000 0.0300 2.5000
v -12.5000 0.0300 5.0000
v -15.0000 0.0300 5.0000
v -10.0000 0.0300 5.0000
v -7.5000 0.0300 5.0000
v -5.0000 0.0300 5.0000
v -2.5000 0.0300 5.0000
v 0.0000 0.0300 5.0000
v 2.5000 0.0300 5.0000
v 5.0000 0.0300 5.0000
v 7.5000 0.0300 5.0000
v 10.0000 0.0300 5.0000
v 12.5000 0.0300 5.0000
v 15.0000 0.0300 5.0000
v -12.5000 0.0300 7.5000
v -15.0000 0.0300 7.5000
v -10.0000 0.0300 7.5000
v -7.5000 0.0300 7.5000
v -5.0000 0.0300 7.5000
v -2.5000 0.0300 7.5000
v 0.0000 0.0300 7.5000
v 2.5000 0.0300 7.5000
v 5.0000 0.0300 7.5000
v 7.5000 0.0300 7.5000
v 10.0000 0.0300 7.5000
v 12.5000 0.0300 7.5000
v 15.0000 0.0300 7.5000
v -12.5000 0.0300 10.0000
v -15.0000 0.0300 10.0000
v -10.0000 0.0300 10.0000
v -7.5000 0.0300 10.0000
v -5.0000 0.0300 10.0000
v -2.5000 0.0300 10.0000
v 0.0000 0.0300 10.0000
v 2.5000 0.0300 10.0000
v 5.0000 0.0300 10.0000
v 7.5000 0.0300 10.0000
v 10.0000 0.0300 10.0000
v 12.5000 0.0300 10.0000
v 15.0000 0.0300 10.0000
v -12.5000 0.0300 12.5000
v -15.0000 0.0300 12.5000
v -10.0000 0.0300 12.5000
v -7.5000 0.0300 12.5000
v -5.0000 0.0300 12.5000
v -2.5000 0.0300 12.5000
v 0.0000 0.0300 12.5000
v 2.5000 0.0300 12.5000
v 5.0000 0.0300 12.5000
v 7.5000 0.0300 12.5000
v 10.0000 0.0300 12.5000
v 12.5000 0.0300 12.5000
v 15.0000 0.0300 12.5000
v -12.5000 0.0300 15.0000
v -15.0000 0.0300 15.0000
v -10.0000 0.0300 15.0000
v -7.5000 0.0300 15.0000
v -5.0000 0.0300 15.0000
v -2.5000 0.0300 15.0000
v 0.0000 0.0300 15.0000
v 2.5000 0.0300 15.0000
v 5.0000 0.0300 15.0000
v 7.5000 0.0300 15.0000
v 10.0000 0.0300 15.0000
v 12.5000 0.0300 15.0000
v 15.0000 0.0300 15.0000
v -15.6000 0.0000 -15.6000
v -13.0000 0.0000 -15.6000
v -13.0000 0.2200 -15.6000
v -15.6000 0.2200 -15.6000
v -10.4000 0.0000 -15.6000
v -10.4000 0.2200 -15.6000
v -7.8000 0.0000 -15.6000
v -7.8000 0.2200 -15.6000
v -5.2000 0.0000 -15.6000
v -5.2000 0.2200 -15.6000
v -2.6000 0.0000 -15.6000
v -2.6000 0.2200 -15.6000
v 0.0000 0.0000 -15.6000
v 0.0000 0.2200 -15.6000
v 2.6000 0.0000 -15.6000
v 2.6000 0.2200 -15.6000
v 5.2000 0.0000 -15.6000
v 5.2000 0.2200 -15.6000
v 7.8000 0.0000 -15.6000
v 7.8000 0.2200 -15.6000
v 10.4000 0.0000 -15.6000
v 10.4000 0.2200 -15.6000
v 13.0000 0.0000 -15.6000
v 13.0000 0.2200 -15.6000
v 15.6000 0.0000 -15.6000
v 15.6000 0.2200 -15.6000
v 15.6000 0.0000 -15.0000
v 15.6000 0.2200 -15.0000
v 13.0000 0.0000 -15.0000
v 13.0000 0.2200 -15.0000
v 10.4000 0.0000 -15.0000
v 10.4000 0.2200 -15.0000
v 7.8000 0.0000 -15.0000
v 7.8000 0.2200 -15.0000
v 5.2000 0.0000 -15.0000
v 5.2000 0.2200 -15.0000
v 2.6000 0.0000 -15.0000
v 2.6000 0.2200 -15.0000
v 0.0000 0.0000 -15.0000
v 0.0000 0.2200 -15.0000
v -2.6000 0.0000 -15.0000
v -2.6000 0.2200 -15.0000
v -5.2000 0.0000 -15.0000
v -5.2000 0.2200 -15.0000
v -7.8000 0.0000 -15.0000
v -7.8000 0.2200 -15.0000
v -10.4000 0.0000 -15.0000
v -10.4000 0.2200 -15.0000
v -13.0000 0.0000 -15.0000
v -13.0000 0.2200 -15.0000
v -15.6000 0.0000 -15.0000
v -15.6000 0.2200 -15.0000
v -15.6000 0.0000 15.0000
v -13.0000 0.0000 15.0000
v -13.0000 0.2200 15.0000
v -15.6000 0.2200 15.0000
v -10.4000 0.0000 15.0000
v -10.4000 0.2200 15.0000
v -7.8000 0.0000 15.0000
v -7.8000 0.2200 15.0000
v -5.2000 0.0000 15.0000
v -5.2000 0.2200 15.0000
v -2.6000 0.0000 15.0000
v -2.6000 0.2200 15.0000
v 0.0000 0.0000 15.0000
v 0.0000 0.2200 15.0000
v 2.6000 0.0000 15.0000
v 2.6000 0.2200 15.0000
v 5.2000 0.0000 15.0000
v 5.2000 0.2200 15.0000
v 7.8000 0.0000 15.0000
v 7.8000 0.2200 15.0000
v 10.4000 0.0000 15.0000
v 10.4000 0.2200 15.0000
v 13.0000 0.0000 15.0000
v 13.0000 0.2200 15.0000
v 15.6000 0.0000 15.0000
v 15.6000 0.2200 15.0000
v 15.6000 0.0000 15.6000
v 15.6000 0.2200 15.6000
v 13.0000 0.0000 15.6000
v 13.0000 0.2200 15.6000
v 10.4000 0.0000 15.6000
v 10.4000 0.2200 15.6000
v 7.8000 0.0000 15.6000
v 7.8000 0.2200 15.6000
v 5.2000 0.0000 15.6000
v 5.2000 0.2200 15.6000
v 2.6000 0.0000 15.6000
v 2.6000 0.2200 15.6000
v 0.0000 0.0000 15.6000
v 0.0000 0.2200 15.6000
v -2.6000 0.0000 15.6000
v -2.6000 0.2200 15.6000
v -5.2000 0.0000 15.6000
v -5.2000 0.2200 15.6000
v -7.8000 0.0000 15.6000
v -7.8000 0.2200 15.6000
v -10.4000 0.0000 15.6000
v -10.4000 0.2200 15.6000
v -13.0000 0.0000 15.6000
v -13.0000 0.2200 15.6000
v -15.6000 0.0000 15.6000
v -15.6000 0.2200 15.6000
v -15.0000 0.0000 -15.6000
v -15.0000 0.2200 -15.6000
v -15.0000 0.0000 -13.0000
v -15.0000 0.2200 -13.0000
v -15.0000 0.0000 -10.4000
v -15.0000 0.2200 -10.4000
v -15.0000 0.0000 -7.8000
v -15.0000 0.2200 -7.8000
v -15.0000 0.0000 -5.2000
v -15.0000 0.2200 -5.2000
v -15.0000 0.0000 -2.6000
v -15.0000 0.2200 -2.6000
v -15.0000 0.0000 0.0000
v -15.0000 0.2200 0.0000
v -15.0000 0.0000 2.6000
v -15.0000 0.2200 2.6000
v -15.0000 0.0000 5.2000
v -15.0000 0.2200 5.2000
v -15.0000 0.0000 7.8000
v -15.0000 0.2200 7.8000
v -15.0000 0.0000 10.4000
v -15.0000 0.2200 10.4000
v -15.0000 0.0000 13.0000
v -15.0000 0.2200 13.0000
v -15.0000 0.0000 15.6000
v -15.0000 0.2200 15.6000
v -15.6000 0.0000 13.0000
v -15.6000 0.2200 13.0000
v -15.6000 0.0000 10.4000
v -15.6000 0.2200 10.4000
v -15.6000 0.0000 7.8000
v -15.6000 0.2200 7.8000
v -15.6000 0.0000 5.2000
v -15.6000 0.2200 5.2000
v -15.6000 0.0000 2.6000
v -15.6000 0.2200 2.6000
v -15.6000 0.0000 0.0000
v -15.6000 0.2200 0.0000
v -15.6000 0.0000 -2.6000
v -15.6000 0.2200 -2.6000
v -15.6000 0.0000 -5.2000
v -15.6000 0.2200 -5.2000
v -15.6000 0.0000 -7.8000
v -15.6000 0.2200 -7.8000
v -15.6000 0.0000 -10.4000
v -15.6000 0.2200 -10.4000
v -15.6000 0.0000 -13.0000
v -15.6000 0.2200 -13.0000
v 15.0000 0.0000 -15.6000
v 15.0000 0.2200 -15.6000
v 15.6000 0.0000 -13.0000
v 15.6000 0.2200 -13.0000
v 15.6000 0.0000 -10.4000
v 15.6000 0.2200 -10.4000
v 15.6000 0.0000 -7.8000
v 15.6000 0.2200 -7.8000
v 15.6000 0.0000 -5.2000
v 15.6000 0.2200 -5.2000
v 15.6000 0.0000 -2.6000
v 15.6000 0.2200 -2.6000
v 15.6000 0.0000 0.0000
v 15.6000 0.2200 0.0000
v 15.6000 0.0000 2.6000
v 15.6000 0.2200 2.6000
v 15.6000 0.0000 5.2000
v 15.6000 0.2200 5.2000
v 15.6000 0.0000 7.8000
v 15.6000 0.2200 7.8000
v 15.6000 0.0000 10.4000
v 15.6000 0.2200 10.4000
v 15.6000 0.0000 13.0000
v 15.6000 0.2200 13.0000
v 15.0000 0.0000 15.6000
v 15.0000 0.2200 15.6000
v 15.0000 0.0000 13.0000
v 15.0000 0.2200 13.0000
v 15.0000 0.0000 10.4000
v 15.0000 0.2200 10.4000
v 15.0000 0.0000 7.8000
v 15.0000 0.2200 7.8000
v 15.0000 0.0000 5.2000
v 15.0000 0.2200 5.2000
v 15.0000 0.0000 2.6000
v 15.0000 0.2200 2.6000
v 15.0000 0.0000 0.0000
v 15.0000 0.2200 0.0000
v 15.0000 0.0000 -2.6000
v 15.0000 0.2200 -2.6000
v 15.0000 0.0000 -5.2000
v 15.0000 0.2200 -5.2000
v 15.0000 0.0000 -7.8000
v 15.0000 0.2200 -7.8000
v 15.0000 0.0000 -10.4000
v 15.0000 0.2200 -10.4000
v 15.0000 0.0000 -13.0000
v 15.0000 0.2200 -13.0000
v 2.7000 0.0300 0.0000
v 2.6323 0.0300 0.6008
v 2.6518 0.4000 0.6053
v 2.7200 0.4000 0.0000
v 2.4326 0.0300 1.1715
v 2.4506 0.4000 1.1802
v 2.1109 0.0300 1.6834
v 2.1266 0.4000 1.6959
v 1.6834 0.0300 2.1109
v 1.6959 0.4000 2.1266
v 1.1715 0.0300 2.4326
v 1.1802 0.4000 2.4506
v 0.6008 0.0300 2.6323
v 0.6053 0.4000 2.6518
v 0.0000 0.0300 2.7000
v 0.0000 0.4000 2.7200
v -0.6008 0.0300 2.6323
v -0.6053 0.4000 2.6518
v -1.1715 0.0300 2.4326
v -1.1802 0.4000 2.4506
v -1.6834 0.0300 2.1109
v -1.6959 0.4000 2.1266
v -2.1109 0.0300 1.6834
v -2.1266 0.4000 1.6959
v -2.4326 0.0300 1.1715
v -2.4506 0.4000 1.1802
v -2.6323 0.0300 0.6008
v -2.6518 0.4000 0.6053
v -2.7000 0.0300 0.0000
v -2.7200 0.4000 0.0000
v -2.6323 0.0300 -0.6008
v -2.6518 0.4000 -0.6053
v -2.4326 0.0300 -1.1715
v -2.4506 0.4000 -1.1802
v -2.1109 0.0300 -1.6834
v -2.1266 0.4000 -1.6959
v -1.6834 0.0300 -2.1109
v -1.6959 0.4000 -2.1266
v -1.1715 0.0300 -2.4326
v -1.1802 0.4000 -2.4506
v -0.6008 0.0300 -2.6323
v -0.6053 0.4000 -2.6518
v -0.0000 0.0300 -2.7000
v -0.0000 0.4000 -2.7200
v 0.6008 0.0300 -2.6323
v 0.6053 0.4000 -2.6518
v 1.1715 0.0300 -2.4326
v 1.1802 0.4000 -2.4506
v 1.6834 0.0300 -2.1109
v 1.6959 0.4000 -2.1266
v 2.1109 0.0300 -1.6834
v 2.1266 0.4000 -1.6959
v 2.4326 0.0300 -1.1715
v 2.4506 0.4000 -1.1802
v 2.6323 0.0300 -0.6008
v 2.6518 0.4000 -0.6053
v 2.6323 0.7200 0.6008
v 2.7000 0.7200 0.0000
v 2.4326 0.7200 1.1715
v 2.1109 0.7200 1.6834
v 1.6834 0.7200 2.1109
v 1.1715 0.7200 2.4326
v 0.6008 0.7200 2.6323
v 0.0000 0.7200 2.7000
v -0.6008 0.7200 2.6323
v -1.1715 0.7200 2.4326
v -1.6834 0.7200 2.1109
v -2.1109 0.7200 1.6834
v -2.4326 0.7200 1.1715
v -2.6323 0.7200 0.6008
v -2.7000 0.7200 0.0000
v -2.6323 0.7200 -0.6008
v -2.4326 0.7200 -1.1715
v -2.1109 0.7200 -1.6834
v -1.6834 0.7200 -2.1109
v -1.1715 0.7200 -2.4326
v -0.6008 0.7200 -2.6323
v -0.0000 0.7200 -2.7000
v 0.6008 0.7200 -2.6323
v 1.1715 0.7200 -2.4326
v 1.6834 0.7200 -2.1109
v 2.1109 0.7200 -1.6834
v 2.4326 0.7200 -1.1715
v 2.6323 0.7200 -0.6008
v 2.4373 0.8200 0.5563
v 2.5000 0.8200 0.0000
v 2.2524 0.8200 1.0847
v 1.9546 0.8200 1.5587
v 1.5587 0.8200 1.9546
v 1.0847 0.8200 2.2524
v 0.5563 0.8200 2.4373
v 0.0000 0.8200 2.5000
v -0.5563 0.8200 2.4373
v -1.0847 0.8200 2.2524
v -1.5587 0.8200 1.9546
v -1.9546 0.8200 1.5587
v -2.2524 0.8200 1.0847
v -2.4373 0.8200 0.5563
v -2.5000 0.8200 0.0000
v -2.4373 0.8200 -0.5563
v -2.2524 0.8200 -1.0847
v -1.9546 0.8200 -1.5587
v -1.5587 0.8200 -1.9546
v -1.0847 0.8200 -2.2524
v -0.5563 0.8200 -2.4373
v -0.0000 0.8200 -2.5000
v 0.5563 0.8200 -2.4373
v 1.0847 0.8200 -2.2524
v 1.5587 0.8200 -1.9546
v 1.9546 0.8200 -1.5587
v 2.2524 0.8200 -1.0847
v 2.4373 0.8200 -0.5563
v 2.2423 0.7400 0.5118
v 2.3000 0.7400 0.0000
v 2.0722 0.7400 0.9979
v 1.7982 0.7400 1.4340
v 1.4340 0.7400 1.7982
v 0.9979 0.7400 2.0722
v 0.5118 0.7400 2.2423
v 0.0000 0.7400 2.3000
v -0.5118 0.7400 2.2423
v -0.9979 0.7400 2.0722
v -1.4340 0.7400 1.7982
v -1.7982 0.7400 1.4340
v -2.0722 0.7400 0.9979
v -2.2423 0.7400 0.5118
v -2.3000 0.7400 0.0000
v -2.2423 0.7400 -0.5118
v -2.0722 0.7400 -0.9979
v -1.7982 0.7400 -1.4340
v -1.4340 0.7400 -1.7982
v -0.9979 0.7400 -2.0722
v -0.5118 0.7400 -2.2423
v -0.0000 0.7400 -2.3000
v 0.5118 0.7400 -2.2423
v 0.9979 0.7400 -2.0722
v 1.4340 0.7400 -1.7982
v 1.7982 0.7400 -1.4340
v 2.0722 0.7400 -0.9979
v 2.2423 0.7400 -0.5118
v 2.2423 0.5000 0.5118
v 2.3000 0.5000 0.0000
v 2.0722 0.5000 0.9979
v 1.7982 0.5000 1.4340
v 1.4340 0.5000 1.7982
v 0.9979 0.5000 2.0722
v 0.5118 0.5000 2.2423
v 0.0000 0.5000 2.3000
v -0.5118 0.5000 2.2423
v -0.9979 0.5000 2.0722
v -1.4340 0.5000 1.7982
v -1.7982 0.5000 1.4340
v -2.0722 0.5000 0.9979
v -2.2423 0.5000 0.5118
v -2.3000 0.5000 0.0000
v -2.2423 0.5000 -0.5118
v -2.0722 0.5000 -0.9979
v -1.7982 0.5000 -1.4340
v -1.4340 0.5000 -1.7982
v -0.9979 0.5000 -2.0722
v -0.5118 0.5000 -2.2423
v -0.0000 0.5000 -2.3000
v 0.5118 0.5000 -2.2423
v 0.9979 0.5000 -2.0722
v 1.4340 0.5000 -1.7982
v 1.7982 0.5000 -1.4340
v 2.0722 0.5000 -0.9979
v 2.2423 0.5000 -0.5118
v 2.3000 0.5500 0.0000
v 2.2423 0.5500 0.5118
v 1.1699 0.5500 0.2670
v 1.2000 0.5500 0.0000
v 2.0722 0.5500 0.9979
v 1.0812 0.5500 0.5207
v 1.7982 0.5500 1.4340
v 0.9382 0.5500 0.7482
v 1.4340 0.5500 1.7982
v 0.7482 0.5500 0.9382
v 0.9979 0.5500 2.0722
v 0.5207 0.5500 1.0812
v 0.5118 0.5500 2.2423
v 0.2670 0.5500 1.1699
v 0.0000 0.5500 2.3000
v 0.0000 0.5500 1.2000
v -0.5118 0.5500 2.2423
v -0.2670 0.5500 1.1699
v -0.9979 0.5500 2.0722
v -0.5207 0.5500 1.0812
v -1.4340 0.5500 1.7982
v -0.7482 0.5500 0.9382
v -1.7982 0.5500 1.4340
v -0.9382 0.5500 0.7482
v -2.0722 0.5500 0.9979
v -1.0812 0.5500 0.5207
v -2.2423 0.5500 0.5118
v -1.1699 0.5500 0.2670
v -2.3000 0.5500 0.0000
v -1.2000 0.5500 0.0000
v -2.2423 0.5500 -0.5118
v -1.1699 0.5500 -0.2670
v -2.0722 0.5500 -0.9979
v -1.0812 0.5500 -0.5207
v -1.7982 0.5500 -1.4340
v -0.9382 0.5500 -0.7482
v -1.4340 0.5500 -1.7982
v -0.7482 0.5500 -0.9382
v -0.9979 0.5500 -2.0722
v -0.5207 0.5500 -1.0812
v -0.5118 0.5500 -2.2423
v -0.2670 0.5500 -1.1699
v -0.0000 0.5500 -2.3000
v -0.0000 0.5500 -1.2000
v 0.5118 0.5500 -2.2423
v 0.2670 0.5500 -1.1699
v 0.9979 0.5500 -2.0722
v 0.5207 0.5500 -1.0812
v 1.4340 0.5500 -1.7982
v 0.7482 0.5500 -0.9382
v 1.7982 0.5500 -1.4340
v 0.9382 0.5500 -0.7482
v 2.0722 0.5500 -0.9979
v 1.0812 0.5500 -0.5207
v 2.2423 0.5500 -0.5118
v 1.1699 0.5500 -0.2670
v 0.0000 0.5500 0.0000
v 0.6000 0.5000 0.0000
v 0.5406 0.5000 0.2603
v 0.4144 0.9000 0.1996
v 0.4600 0.9000 0.0000
v 0.3741 0.5000 0.4691
v 0.2868 0.9000 0.3596
v 0.1335 0.5000 0.5850
v 0.1024 0.9000 0.4485
v -0.1335 0.5000 0.5850
v -0.1024 0.9000 0.4485
v -0.3741 0.5000 0.4691
v -0.2868 0.9000 0.3596
v -0.5406 0.5000 0.2603
v -0.4144 0.9000 0.1996
v -0.6000 0.5000 0.0000
v -0.4600 0.9000 0.0000
v -0.5406 0.5000 -0.2603
v -0.4144 0.9000 -0.1996
v -0.3741 0.5000 -0.4691
v -0.2868 0.9000 -0.3596
v -0.1335 0.5000 -0.5850
v -0.1024 0.9000 -0.4485
v 0.1335 0.5000 -0.5850
v 0.1024 0.9000 -0.4485
v 0.3741 0.5000 -0.4691
v 0.2868 0.9000 -0.3596
v 0.5406 0.5000 -0.2603
v 0.4144 0.9000 -0.1996
v 0.2703 1.5000 0.1302
v 0.3000 1.5000 0.0000
v 0.1870 1.5000 0.2345
v 0.0668 1.5000 0.2925
v -0.0668 1.5000 0.2925
v -0.1870 1.5000 0.2345
v -0.2703 1.5000 0.1302
v -0.3000 1.5000 0.0000
v -0.2703 1.5000 -0.1302
v -0.1870 1.5000 -0.2345
v -0.0668 1.5000 -0.2925
v 0.0668 1.5000 -0.2925
v 0.1870 1.5000 -0.2345
v 0.2703 1.5000 -0.1302
v 0.4955 1.7800 0.2386
v 0.5500 1.7800 0.0000
v 0.3429 1.7800 0.4300
v 0.1224 1.7800 0.5362
v -0.1224 1.7800 0.5362
v -0.3429 1.7800 0.4300
v -0.4955 1.7800 0.2386
v -0.5500 1.7800 0.0000
v -0.4955 1.7800 -0.2386
v -0.3429 1.7800 -0.4300
v -0.1224 1.7800 -0.5362
v 0.1224 1.7800 -0.5362
v 0.3429 1.7800 -0.4300
v 0.4955 1.7800 -0.2386
v 0.6307 2.0000 0.3037
v 0.7000 2.0000 0.0000
v 0.4364 2.0000 0.5473
v 0.1558 2.0000 0.6824
v -0.1558 2.0000 0.6824
v -0.4364 2.0000 0.5473
v -0.6307 2.0000 0.3037
v -0.7000 2.0000 0.0000
v -0.6307 2.0000 -0.3037
v -0.4364 2.0000 -0.5473
v -0.1558 2.0000 -0.6824
v 0.1558 2.0000 -0.6824
v 0.4364 2.0000 -0.5473
v 0.6307 2.0000 -0.3037
v 0.1802 2.2200 0.0868
v 0.2000 2.2200 0.0000
v 0.1247 2.2200 0.1564
v 0.0445 2.2200 0.1950
v -0.0445 2.2200 0.1950
v -0.1247 2.2200 0.1564
v -0.1802 2.2200 0.0868
v -0.2000 2.2200 0.0000
v -0.1802 2.2200 -0.0868
v -0.1247 2.2200 -0.1564
v -0.0445 2.2200 -0.1950
v 0.0445 2.2200 -0.1950
v 0.1247 2.2200 -0.1564
v 0.1802 2.2200 -0.0868
v 1.1000 1.6200 0.0000
v 1.0337 1.6200 0.3762
v 0.9397 1.5500 0.3420
v 1.0000 1.5500 0.0000
v 0.8426 1.6200 0.7071
v 0.7660 1.5500 0.6428
v 0.5500 1.6200 0.9526
v 0.5000 1.5500 0.8660
v 0.1910 1.6200 1.0833
v 0.1736 1.5500 0.9848
v -0.1910 1.6200 1.0833
v -0.1736 1.5500 0.9848
v -0.5500 1.6200 0.9526
v -0.5000 1.5500 0.8660
v -0.8426 1.6200 0.7071
v -0.7660 1.5500 0.6428
v -1.0337 1.6200 0.3762
v -0.9397 1.5500 0.3420
v -1.1000 1.6200 0.0000
v -1.0000 1.5500 0.0000
v -1.0337 1.6200 -0.3762
v -0.9397 1.5500 -0.3420
v -0.8426 1.6200 -0.7071
v -0.7660 1.5500 -0.6428
v -0.5500 1.6200 -0.9526
v -0.5000 1.5500 -0.8660
v -0.1910 1.6200 -1.0833
v -0.1736 1.5500 -0.9848
v 0.1910 1.6200 -1.0833
v 0.1736 1.5500 -0.9848
v 0.5500 1.6200 -0.9526
v 0.5000 1.5500 -0.8660
v 0.8426 1.6200 -0.7071
v 0.7660 1.5500 -0.6428
v 1.0337 1.6200 -0.3762
v 0.9397 1.5500 -0.3420
v 0.3289 1.5000 0.1197
v 0.3500 1.5000 0.0000
v 0.2681 1.5000 0.2250
v 0.1750 1.5000 0.3031
v 0.0608 1.5000 0.3447
v -0.0608 1.5000 0.3447
v -0.1750 1.5000 0.3031
v -0.2681 1.5000 0.2250
v -0.3289 1.5000 0.1197
v -0.3500 1.5000 0.0000
v -0.3289 1.5000 -0.1197
v -0.2681 1.5000 -0.2250
v -0.1750 1.5000 -0.3031
v -0.0608 1.5000 -0.3447
v 0.0608 1.5000 -0.3447
v 0.1750 1.5000 -0.3031
v 0.2681 1.5000 -0.2250
v 0.3289 1.5000 -0.1197
v 0.0000 2.2000 0.0000
v 0.1780 2.3800 0.1293
v 0.2200 2.3800 0.0000
v 0.0680 2.3800 0.2092
v -0.0680 2.3800 0.2092
v -0.1780 2.3800 0.1293
v -0.2200 2.3800 0.0000
v -0.1780 2.3800 -0.1293
v -0.0680 2.3800 -0.2092
v 0.0680 2.3800 -0.2092
v 0.1780 2.3800 -0.1293
v 0.0000 2.6200 0.0000
v -21.0000 0.0000 -28.0000
v -18.5000 0.0000 -28.0000
v -18.5000 2.0000 -28.0000
v -21.0000 2.0000 -28.0000
v -16.0000 0.0000 -28.0000
v -16.0000 2.0000 -28.0000
v -13.5000 0.0000 -28.0000
v -13.5000 2.0000 -28.0000
v -11.0000 0.0000 -28.0000
v -11.0000 2.0000 -28.0000
v -18.5000 4.0000 -28.0000
v -21.0000 4.0000 -28.0000
v -16.0000 4.0000 -28.0000
v -13.5000 4.0000 -28.0000
v -11.0000 4.0000 -28.0000
v -21.0000 0.0000 -28.0500
v -11.0000 0.0000 -28.0500
v -11.0000 0.7000 -28.0500
v -21.0000 0.7000 -28.0500
v -16.6000 2.0000 -28.0600
v -15.4000 2.0000 -28.0600
v -15.4000 3.3000 -28.0600
v -16.6000 3.3000 -28.0600
v -11.0000 0.0000 -25.3333
v -11.0000 2.0000 -25.3333
v -11.0000 0.0000 -22.6667
v -11.0000 2.0000 -22.6667
v -11.0000 0.0000 -20.0000
v -11.0000 2.0000 -20.0000
v -11.0000 4.0000 -25.3333
v -11.0000 4.0000 -22.6667
v -11.0000 4.0000 -20.0000
v -10.9500 0.0000 -28.0000
v -10.9500 0.0000 -20.0000
v -10.9500 0.7000 -20.0000
v -10.9500 0.7000 -28.0000
v -10.9400 2.0000 -24.6000
v -10.9400 2.0000 -23.4000
v -10.9400 3.3000 -23.4000
v -10.9400 3.3000 -24.6000
v -13.5000 0.0000 -20.0000
v -13.5000 2.0000 -20.0000
v -16.0000 0.0000 -20.0000
v -16.0000 2.0000 -20.0000
v -18.5000 0.0000 -20.0000
v -18.5000 2.0000 -20.0000
v -21.0000 0.0000 -20.0000
v -21.0000 2.0000 -20.0000
v -13.5000 4.0000 -20.0000
v -16.0000 4.0000 -20.0000
v -18.5000 4.0000 -20.0000
v -21.0000 4.0000 -20.0000
v -11.0000 0.0000 -19.9500
v -21.0000 0.0000 -19.9500
v -21.0000 0.7000 -19.9500
v -11.0000 0.7000 -19.9500
v -15.2500 0.0000 -19.9400
v -16.7500 0.0000 -19.9400
v -16.7500 2.3000 -19.9400
v -15.2500 2.3000 -19.9400
v -12.2000 2.0000 -19.9400
v -13.4000 2.0000 -19.9400
v -13.4000 3.3000 -19.9400
v -12.2000 3.3000 -19.9400
v -18.6000 2.0000 -19.9400
v -19.8000 2.0000 -19.9400
v -19.8000 3.3000 -19.9400
v -18.6000 3.3000 -19.9400
v -21.0000 0.0000 -22.6667
v -21.0000 2.0000 -22.6667
v -21.0000 0.0000 -25.3333
v -21.0000 2.0000 -25.3333
v -21.0000 4.0000 -22.6667
v -21.0000 4.0000 -25.3333
v -21.0500 0.0000 -20.0000
v -21.0500 0.0000 -28.0000
v -21.0500 0.7000 -28.0000
v -21.0500 0.7000 -20.0000
v -21.0600 2.0000 -23.4000
v -21.0600 2.0000 -24.6000
v -21.0600 3.3000 -24.6000
v -21.0600 3.3000 -23.4000
v -21.5500 3.8500 -19.4500
v -18.7750 3.8500 -19.4500
v -18.7750 5.4250 -21.7250
v -21.5500 5.4250 -21.7250
v -16.0000 3.8500 -19.4500
v -16.0000 5.4250 -21.7250
v -13.2250 3.8500 -19.4500
v -13.2250 5.4250 -21.7250
v -10.4500 3.8500 -19.4500
v -10.4500 5.4250 -21.7250
v -18.7750 7.0000 -24.0000
v -21.5500 7.0000 -24.0000
v -16.0000 7.0000 -24.0000
v -13.2250 7.0000 -24.0000
v -10.4500 7.0000 -24.0000
v -21.5500 3.8500 -28.5500
v -18.7750 3.8500 -28.5500
v -18.7750 5.4250 -26.2750
v -21.5500 5.4250 -26.2750
v -16.0000 3.8500 -28.5500
v -16.0000 5.4250 -26.2750
v -13.2250 3.8500 -28.5500
v -13.2250 5.4250 -26.2750
v -10.4500 3.8500 -28.5500
v -10.4500 5.4250 -26.2750
v -11.0000 7.0000 -24.0000
v -21.0000 7.0000 -24.0000
v -14.1700 5.3500 -23.4200
v -13.3300 5.3500 -23.4200
v -13.3300 8.3000 -23.4200
v -14.1700 8.3000 -23.4200
v -13.3300 5.3500 -22.5800
v -13.3300 8.3000 -22.5800
v -14.1700 5.3500 -22.5800
v -14.1700 8.3000 -22.5800
v -16.9000 0.0000 -20.0000
v -15.1000 0.0000 -20.0000
v -15.1000 0.2000 -20.0000
v -16.9000 0.2000 -20.0000
v -15.1000 0.0000 -19.1000
v -15.1000 0.2000 -19.1000
v -16.9000 0.0000 -19.1000
v -16.9000 0.2000 -19.1000
v -8.0000 0.0000 -28.5000
v -5.3333 0.0000 -28.5000
v -5.3333 1.8333 -28.5000
v -8.0000 1.8333 -28.5000
v -2.6667 0.0000 -28.5000
v -2.6667 1.8333 -28.5000
v 0.0000 0.0000 -28.5000
v 0.0000 1.8333 -28.5000
v -5.3333 3.6667 -28.5000
v -8.0000 3.6667 -28.5000
v -2.6667 3.6667 -28.5000
v 0.0000 3.6667 -28.5000
v -5.3333 5.5000 -28.5000
v -8.0000 5.5000 -28.5000
v -2.6667 5.5000 -28.5000
v 0.0000 5.5000 -28.5000
v -8.0000 0.0000 -28.5500
v 0.0000 0.0000 -28.5500
v 0.0000 0.7000 -28.5500
v -8.0000 0.7000 -28.5500
v -4.6000 2.7500 -28.5600
v -3.4000 2.7500 -28.5600
v -3.4000 4.0500 -28.5600
v -4.6000 4.0500 -28.5600
v 0.0000 0.0000 -26.1667
v 0.0000 1.8333 -26.1667
v 0.0000 0.0000 -23.8333
v 0.0000 1.8333 -23.8333
v 0.0000 0.0000 -21.5000
v 0.0000 1.8333 -21.5000
v 0.0000 3.6667 -26.1667
v 0.0000 3.6667 -23.8333
v 0.0000 3.6667 -21.5000
v 0.0000 5.5000 -26.1667
v 0.0000 5.5000 -23.8333
v 0.0000 5.5000 -21.5000
v 0.0500 0.0000 -28.5000
v 0.0500 0.0000 -21.5000
v 0.0500 0.7000 -21.5000
v 0.0500 0.7000 -28.5000
v 0.0600 2.7500 -25.6000
v 0.0600 2.7500 -24.4000
v 0.0600 4.0500 -24.4000
v 0.0600 4.0500 -25.6000
v -2.6667 0.0000 -21.5000
v -2.6667 1.8333 -21.5000
v -5.3333 0.0000 -21.5000
v -5.3333 1.8333 -21.5000
v -8.0000 0.0000 -21.5000
v -8.0000 1.8333 -21.5000
v -2.6667 3.6667 -21.5000
v -5.3333 3.6667 -21.5000
v -8.0000 3.6667 -21.5000
v -2.6667 5.5000 -21.5000
v -5.3333 5.5000 -21.5000
v -8.0000 5.5000 -21.5000
v 0.0000 0.0000 -21.4500
v -8.0000 0.0000 -21.4500
v -8.0000 0.7000 -21.4500
v 0.0000 0.7000 -21.4500
v -3.2500 0.0000 -21.4400
v -4.7500 0.0000 -21.4400
v -4.7500 2.3000 -21.4400
v -3.2500 2.3000 -21.4400
v -0.8400 2.7500 -21.4400
v -2.0400 2.7500 -21.4400
v -2.0400 4.0500 -21.4400
v -0.8400 4.0500 -21.4400
v -5.9600 2.7500 -21.4400
v -7.1600 2.7500 -21.4400
v -7.1600 4.0500 -21.4400
v -5.9600 4.0500 -21.4400
v -8.0000 0.0000 -23.8333
v -8.0000 1.8333 -23.8333
v -8.0000 0.0000 -26.1667
v -8.0000 1.8333 -26.1667
v -8.0000 3.6667 -23.8333
v -8.0000 3.6667 -26.1667
v -8.0000 5.5000 -23.8333
v -8.0000 5.5000 -26.1667
v -8.0500 0.0000 -21.5000
v -8.0500 0.0000 -28.5000
v -8.0500 0.7000 -28.5000
v -8.0500 0.7000 -21.5000
v -8.0600 2.7500 -24.4000
v -8.0600 2.7500 -25.6000
v -8.0600 4.0500 -25.6000
v -8.0600 4.0500 -24.4000
v -8.5500 5.3500 -20.9500
v -6.2750 5.3500 -20.9500
v -6.2750 6.7375 -22.9750
v -8.5500 6.7375 -22.9750
v -4.0000 5.3500 -20.9500
v -4.0000 6.7375 -22.9750
v -1.7250 5.3500 -20.9500
v -1.7250 6.7375 -22.9750
v 0.5500 5.3500 -20.9500
v 0.5500 6.7375 -22.9750
v -6.2750 8.1250 -25.0000
v -8.5500 8.1250 -25.0000
v -4.0000 8.1250 -25.0000
v -1.7250 8.1250 -25.0000
v 0.5500 8.1250 -25.0000
v -8.5500 5.3500 -29.0500
v -6.2750 5.3500 -29.0500
v -6.2750 6.7375 -27.0250
v -8.5500 6.7375 -27.0250
v -4.0000 5.3500 -29.0500
v -4.0000 6.7375 -27.0250
v -1.7250 5.3500 -29.0500
v -1.7250 6.7375 -27.0250
v 0.5500 5.3500 -29.0500
v 0.5500 6.7375 -27.0250
v 0.0000 8.1250 -25.0000
v -8.0000 8.1250 -25.0000
v -2.6200 6.6813 -24.5450
v -1.7800 6.6813 -24.5450
v -1.7800 9.4250 -24.5450
v -2.6200 9.4250 -24.5450
v -1.7800 6.6813 -23.7050
v -1.7800 9.4250 -23.7050
v -2.6200 6.6813 -23.7050
v -2.6200 9.4250 -23.7050
v -4.9000 0.0000 -21.5000
v -3.1000 0.0000 -21.5000
v -3.1000 0.2000 -21.5000
v -4.9000 0.2000 -21.5000
v -3.1000 0.0000 -20.6000
v -3.1000 0.2000 -20.6000
v -4.9000 0.0000 -20.6000
v -4.9000 0.2000 -20.6000
v 6.0000 0.0000 -28.0000
v 8.4000 0.0000 -28.0000
v 8.4000 2.2500 -28.0000
v 6.0000 2.2500 -28.0000
v 10.8000 0.0000 -28.0000
v 10.8000 2.2500 -28.0000
v 13.2000 0.0000 -28.0000
v 13.2000 2.2500 -28.0000
v 15.6000 0.0000 -28.0000
v 15.6000 2.2500 -28.0000
v 18.0000 0.0000 -28.0000
v 18.0000 2.2500 -28.0000
v 8.4000 4.5000 -28.0000
v 6.0000 4.5000 -28.0000
v 10.8000 4.5000 -28.0000
v 13.2000 4.5000 -28.0000
v 15.6000 4.5000 -28.0000
v 18.0000 4.5000 -28.0000
v 6.0000 0.0000 -28.0500
v 18.0000 0.0000 -28.0500
v 18.0000 0.7000 -28.0500
v 6.0000 0.7000 -28.0500
v 11.4000 2.2500 -28.0600
v 12.6000 2.2500 -28.0600
v 12.6000 3.5500 -28.0600
v 11.4000 3.5500 -28.0600
v 18.0000 0.0000 -25.3333
v 18.0000 2.2500 -25.3333
v 18.0000 0.0000 -22.6667
v 18.0000 2.2500 -22.6667
v 18.0000 0.0000 -20.0000
v 18.0000 2.2500 -20.0000
v 18.0000 4.5000 -25.3333
v 18.0000 4.5000 -22.6667
v 18.0000 4.5000 -20.0000
v 18.0500 0.0000 -28.0000
v 18.0500 0.0000 -20.0000
v 18.0500 0.7000 -20.0000
v 18.0500 0.7000 -28.0000
v 18.0600 2.2500 -24.6000
v 18.0600 2.2500 -23.4000
v 18.0600 3.5500 -23.4000
v 18.0600 3.5500 -24.6000
v 15.6000 0.0000 -20.0000
v 15.6000 2.2500 -20.0000
v 13.2000 0.0000 -20.0000
v 13.2000 2.2500 -20.0000
v 10.8000 0.0000 -20.0000
v 10.8000 2.2500 -20.0000
v 8.4000 0.0000 -20.0000
v 8.4000 2.2500 -20.0000
v 6.0000 0.0000 -20.0000
v 6.0000 2.2500 -20.0000
v 15.6000 4.5000 -20.0000
v 13.2000 4.5000 -20.0000
v 10.8000 4.5000 -20.0000
v 8.4000 4.5000 -20.0000
v 6.0000 4.5000 -20.0000
v 18.0000 0.0000 -19.9500
v 6.0000 0.0000 -19.9500
v 6.0000 0.7000 -19.9500
v 18.0000 0.7000 -19.9500
v 12.7500 0.0000 -19.9400
v 11.2500 0.0000 -19.9400
v 11.2500 2.3000 -19.9400
v 12.7500 2.3000 -19.9400
v 16.4400 2.2500 -19.9400
v 15.2400 2.2500 -19.9400
v 15.2400 3.5500 -19.9400
v 16.4400 3.5500 -19.9400
v 8.7600 2.2500 -19.9400
v 7.5600 2.2500 -19.9400
v 7.5600 3.5500 -19.9400
v 8.7600 3.5500 -19.9400
v 6.0000 0.0000 -22.6667
v 6.0000 2.2500 -22.6667
v 6.0000 0.0000 -25.3333
v 6.0000 2.2500 -25.3333
v 6.0000 4.5000 -22.6667
v 6.0000 4.5000 -25.3333
v 5.9500 0.0000 -20.0000
v 5.9500 0.0000 -28.0000
v 5.9500 0.7000 -28.0000
v 5.9500 0.7000 -20.0000
v 5.9400 2.2500 -23.4000
v 5.9400 2.2500 -24.6000
v 5.9400 3.5500 -24.6000
v 5.9400 3.5500 -23.4000
v 5.4500 4.3500 -19.4500
v 8.0700 4.3500 -19.4500
v 8.0700 5.9250 -21.7250
v 5.4500 5.9250 -21.7250
v 10.6900 4.3500 -19.4500
v 10.6900 5.9250 -21.7250
v 13.3100 4.3500 -19.4500
v 13.3100 5.9250 -21.7250
v 15.9300 4.3500 -19.4500
v 15.9300 5.9250 -21.7250
v 18.5500 4.3500 -19.4500
v 18.5500 5.9250 -21.7250
v 8.0700 7.5000 -24.0000
v 5.4500 7.5000 -24.0000
v 10.6900 7.5000 -24.0000
v 13.3100 7.5000 -24.0000
v 15.9300 7.5000 -24.0000
v 18.5500 7.5000 -24.0000
v 5.4500 4.3500 -28.5500
v 8.0700 4.3500 -28.5500
v 8.0700 5.9250 -26.2750
v 5.4500 5.9250 -26.2750
v 10.6900 4.3500 -28.5500
v 10.6900 5.9250 -26.2750
v 13.3100 4.3500 -28.5500
v 13.3100 5.9250 -26.2750
v 15.9300 4.3500 -28.5500
v 15.9300 5.9250 -26.2750
v 18.5500 4.3500 -28.5500
v 18.5500 5.9250 -26.2750
v 18.0000 7.5000 -24.0000
v 6.0000 7.5000 -24.0000
v 14.2800 5.8500 -23.4200
v 15.1200 5.8500 -23.4200
v 15.1200 8.8000 -23.4200
v 14.2800 8.8000 -23.4200
v 15.1200 5.8500 -22.5800
v 15.1200 8.8000 -22.5800
v 14.2800 5.8500 -22.5800
v 14.2800 8.8000 -22.5800
v 11.1000 0.0000 -20.0000
v 12.9000 0.0000 -20.0000
v 12.9000 0.2000 -20.0000
v 11.1000 0.2000 -20.0000
v 12.9000 0.0000 -19.1000
v 12.9000 0.2000 -19.1000
v 11.1000 0.0000 -19.1000
v 11.1000 0.2000 -19.1000
v -30.5000 0.0000 -11.0000
v -28.1667 0.0000 -11.0000
v -28.1667 2.0000 -11.0000
v -30.5000 2.0000 -11.0000
v -25.8333 0.0000 -11.0000
v -25.8333 2.0000 -11.0000
v -23.5000 0.0000 -11.0000
v -23.5000 2.0000 -11.0000
v -28.1667 4.0000 -11.0000
v -30.5000 4.0000 -11.0000
v -25.8333 4.0000 -11.0000
v -23.5000 4.0000 -11.0000
v -30.5000 0.0000 -11.0500
v -23.5000 0.0000 -11.0500
v -23.5000 0.7000 -11.0500
v -30.5000 0.7000 -11.0500
v -27.6000 2.0000 -11.0600
v -26.4000 2.0000 -11.0600
v -26.4000 3.3000 -11.0600
v -27.6000 3.3000 -11.0600
v -23.5000 0.0000 -8.5000
v -23.5000 2.0000 -8.5000
v -23.5000 0.0000 -6.0000
v -23.5000 2.0000 -6.0000
v -23.5000 0.0000 -3.5000
v -23.5000 2.0000 -3.5000
v -23.5000 0.0000 -1.0000
v -23.5000 2.0000 -1.0000
v -23.5000 4.0000 -8.5000
v -23.5000 4.0000 -6.0000
v -23.5000 4.0000 -3.5000
v -23.5000 4.0000 -1.0000
v -23.4500 0.0000 -11.0000
v -23.4500 0.0000 -1.0000
v -23.4500 0.7000 -1.0000
v -23.4500 0.7000 -11.0000
v -23.4400 0.0000 -6.7500
v -23.4400 0.0000 -5.2500
v -23.4400 2.3000 -5.2500
v -23.4400 2.3000 -6.7500
v -23.4400 2.0000 -9.8000
v -23.4400 2.0000 -8.6000
v -23.4400 3.3000 -8.6000
v -23.4400 3.3000 -9.8000
v -23.4400 2.0000 -3.4000
v -23.4400 2.0000 -2.2000
v -23.4400 3.3000 -2.2000
v -23.4400 3.3000 -3.4000
v -25.8333 0.0000 -1.0000
v -25.8333 2.0000 -1.0000
v -28.1667 0.0000 -1.0000
v -28.1667 2.0000 -1.0000
v -30.5000 0.0000 -1.0000
v -30.5000 2.0000 -1.0000
v -25.8333 4.0000 -1.0000
v -28.1667 4.0000 -1.0000
v -30.5000 4.0000 -1.0000
v -23.5000 0.0000 -0.9500
v -30.5000 0.0000 -0.9500
v -30.5000 0.7000 -0.9500
v -23.5000 0.7000 -0.9500
v -26.4000 2.0000 -0.9400
v -27.6000 2.0000 -0.9400
v -27.6000 3.3000 -0.9400
v -26.4000 3.3000 -0.9400
v -30.5000 0.0000 -3.5000
v -30.5000 2.0000 -3.5000
v -30.5000 0.0000 -6.0000
v -30.5000 2.0000 -6.0000
v -30.5000 0.0000 -8.5000
v -30.5000 2.0000 -8.5000
v -30.5000 4.0000 -3.5000
v -30.5000 4.0000 -6.0000
v -30.5000 4.0000 -8.5000
v -30.5500 0.0000 -1.0000
v -30.5500 0.0000 -11.0000
v -30.5500 0.7000 -11.0000
v -30.5500 0.7000 -1.0000
v -30.5600 2.0000 -5.4000
v -30.5600 2.0000 -6.6000
v -30.5600 3.3000 -6.6000
v -30.5600 3.3000 -5.4000
v -22.9500 3.8500 -11.5500
v -22.9500 3.8500 -8.7750
v -24.9750 5.2375 -8.7750
v -24.9750 5.2375 -11.5500
v -22.9500 3.8500 -6.0000
v -24.9750 5.2375 -6.0000
v -22.9500 3.8500 -3.2250
v -24.9750 5.2375 -3.2250
v -22.9500 3.8500 -0.4500
v -24.9750 5.2375 -0.4500
v -27.0000 6.6250 -8.7750
v -27.0000 6.6250 -11.5500
v -27.0000 6.6250 -6.0000
v -27.0000 6.6250 -3.2250
v -27.0000 6.6250 -0.4500
v -31.0500 3.8500 -11.5500
v -31.0500 3.8500 -8.7750
v -29.0250 5.2375 -8.7750
v -29.0250 5.2375 -11.5500
v -31.0500 3.8500 -6.0000
v -29.0250 5.2375 -6.0000
v -31.0500 3.8500 -3.2250
v -29.0250 5.2375 -3.2250
v -31.0500 3.8500 -0.4500
v -29.0250 5.2375 -0.4500
v -27.0000 6.6250 -1.0000
v -27.0000 6.6250 -11.0000
v -26.5450 5.1813 -4.1700
v -25.7050 5.1813 -4.1700
v -25.7050 7.9250 -4.1700
v -26.5450 7.9250 -4.1700
v -25.7050 5.1813 -3.3300
v -25.7050 7.9250 -3.3300
v -26.5450 5.1813 -3.3300
v -26.5450 7.9250 -3.3300
v -23.5000 0.0000 -6.9000
v -22.6000 0.0000 -6.9000
v -22.6000 0.2000 -6.9000
v -23.5000 0.2000 -6.9000
v -22.6000 0.0000 -5.1000
v -22.6000 0.2000 -5.1000
v -23.5000 0.0000 -5.1000
v -23.5000 0.2000 -5.1000
v 23.5000 0.0000 -10.0000
v 25.8333 0.0000 -10.0000
v 25.8333 2.5000 -10.0000
v 23.5000 2.5000 -10.0000
v 28.1667 0.0000 -10.0000
v 28.1667 2.5000 -10.0000
v 30.5000 0.0000 -10.0000
v 30.5000 2.5000 -10.0000
v 25.8333 5.0000 -10.0000
v 23.5000 5.0000 -10.0000
v 28.1667 5.0000 -10.0000
v 30.5000 5.0000 -10.0000
v 23.5000 0.0000 -10.0500
v 30.5000 0.0000 -10.0500
v 30.5000 0.7000 -10.0500
v 23.5000 0.7000 -10.0500
v 26.4000 2.5000 -10.0600
v 27.6000 2.5000 -10.0600
v 27.6000 3.8000 -10.0600
v 26.4000 3.8000 -10.0600
v 30.5000 0.0000 -7.6000
v 30.5000 2.5000 -7.6000
v 30.5000 0.0000 -5.2000
v 30.5000 2.5000 -5.2000
v 30.5000 0.0000 -2.8000
v 30.5000 2.5000 -2.8000
v 30.5000 0.0000 -0.4000
v 30.5000 2.5000 -0.4000
v 30.5000 0.0000 2.0000
v 30.5000 2.5000 2.0000
v 30.5000 5.0000 -7.6000
v 30.5000 5.0000 -5.2000
v 30.5000 5.0000 -2.8000
v 30.5000 5.0000 -0.4000
v 30.5000 5.0000 2.0000
v 30.5500 0.0000 -10.0000
v 30.5500 0.0000 2.0000
v 30.5500 0.7000 2.0000
v 30.5500 0.7000 -10.0000
v 30.5600 2.5000 -4.6000
v 30.5600 2.5000 -3.4000
v 30.5600 3.8000 -3.4000
v 30.5600 3.8000 -4.6000
v 28.1667 0.0000 2.0000
v 28.1667 2.5000 2.0000
v 25.8333 0.0000 2.0000
v 25.8333 2.5000 2.0000
v 23.5000 0.0000 2.0000
v 23.5000 2.5000 2.0000
v 28.1667 5.0000 2.0000
v 25.8333 5.0000 2.0000
v 23.5000 5.0000 2.0000
v 30.5000 0.0000 2.0500
v 23.5000 0.0000 2.0500
v 23.5000 0.7000 2.0500
v 30.5000 0.7000 2.0500
v 27.6000 2.5000 2.0600
v 26.4000 2.5000 2.0600
v 26.4000 3.8000 2.0600
v 27.6000 3.8000 2.0600
v 23.5000 0.0000 -0.4000
v 23.5000 2.5000 -0.4000
v 23.5000 0.0000 -2.8000
v 23.5000 2.5000 -2.8000
v 23.5000 0.0000 -5.2000
v 23.5000 2.5000 -5.2000
v 23.5000 0.0000 -7.6000
v 23.5000 2.5000 -7.6000
v 23.5000 5.0000 -0.4000
v 23.5000 5.0000 -2.8000
v 23.5000 5.0000 -5.2000
v 23.5000 5.0000 -7.6000
v 23.4500 0.0000 2.0000
v 23.4500 0.0000 -10.0000
v 23.4500 0.7000 -10.0000
v 23.4500 0.7000 2.0000
v 23.4400 0.0000 -3.2500
v 23.4400 0.0000 -4.7500
v 23.4400 2.3000 -4.7500
v 23.4400 2.3000 -3.2500
v 23.4400 2.5000 0.4400
v 23.4400 2.5000 -0.7600
v 23.4400 3.8000 -0.7600
v 23.4400 3.8000 0.4400
v 23.4400 2.5000 -7.2400
v 23.4400 2.5000 -8.4400
v 23.4400 3.8000 -8.4400
v 23.4400 3.8000 -7.2400
v 31.0500 4.8500 -10.5500
v 31.0500 4.8500 -7.9300
v 29.0250 6.2375 -7.9300
v 29.0250 6.2375 -10.5500
v 31.0500 4.8500 -5.3100
v 29.0250 6.2375 -5.3100
v 31.0500 4.8500 -2.6900
v 29.0250 6.2375 -2.6900
v 31.0500 4.8500 -0.0700
v 29.0250 6.2375 -0.0700
v 31.0500 4.8500 2.5500
v 29.0250 6.2375 2.5500
v 27.0000 7.6250 -7.9300
v 27.0000 7.6250 -10.5500
v 27.0000 7.6250 -5.3100
v 27.0000 7.6250 -2.6900
v 27.0000 7.6250 -0.0700
v 27.0000 7.6250 2.5500
v 22.9500 4.8500 -10.5500
v 22.9500 4.8500 -7.9300
v 24.9750 6.2375 -7.9300
v 24.9750 6.2375 -10.5500
v 22.9500 4.8500 -5.3100
v 24.9750 6.2375 -5.3100
v 22.9500 4.8500 -2.6900
v 24.9750 6.2375 -2.6900
v 22.9500 4.8500 -0.0700
v 24.9750 6.2375 -0.0700
v 22.9500 4.8500 2.5500
v 24.9750 6.2375 2.5500
v 27.0000 7.6250 2.0000
v 27.0000 7.6250 -10.0000
v 27.4550 6.1813 -1.7200
v 28.2950 6.1813 -1.7200
v 28.2950 8.9250 -1.7200
v 27.4550 8.9250 -1.7200
v 28.2950 6.1813 -0.8800
v 28.2950 8.9250 -0.8800
v 27.4550 6.1813 -0.8800
v 27.4550 8.9250 -0.8800
v 22.6000 0.0000 -4.9000
v 23.5000 0.0000 -4.9000
v 23.5000 0.2000 -4.9000
v 22.6000 0.2000 -4.9000
v 23.5000 0.0000 -3.1000
v 23.5000 0.2000 -3.1000
v 22.6000 0.0000 -3.1000
v 22.6000 0.2000 -3.1000
v -19.0000 0.0000 21.5000
v -16.5000 0.0000 21.5000
v -16.5000 1.7500 21.5000
v -19.0000 1.7500 21.5000
v -14.0000 0.0000 21.5000
v -14.0000 1.7500 21.5000
v -11.5000 0.0000 21.5000
v -11.5000 1.7500 21.5000
v -9.0000 0.0000 21.5000
v -9.0000 1.7500 21.5000
v -16.5000 3.5000 21.5000
v -19.0000 3.5000 21.5000
v -14.0000 3.5000 21.5000
v -11.5000 3.5000 21.5000
v -9.0000 3.5000 21.5000
v -19.0000 0.0000 21.4500
v -9.0000 0.0000 21.4500
v -9.0000 0.7000 21.4500
v -19.0000 0.7000 21.4500
v -14.7500 0.0000 21.4400
v -13.2500 0.0000 21.4400
v -13.2500 2.3000 21.4400
v -14.7500 2.3000 21.4400
v -17.8000 1.7500 21.4400
v -16.6000 1.7500 21.4400
v -16.6000 3.0500 21.4400
v -17.8000 3.0500 21.4400
v -11.4000 1.7500 21.4400
v -10.2000 1.7500 21.4400
v -10.2000 3.0500 21.4400
v -11.4000 3.0500 21.4400
v -9.0000 0.0000 23.8333
v -9.0000 1.7500 23.8333
v -9.0000 0.0000 26.1667
v -9.0000 1.7500 26.1667
v -9.0000 0.0000 28.5000
v -9.0000 1.7500 28.5000
v -9.0000 3.5000 23.8333
v -9.0000 3.5000 26.1667
v -9.0000 3.5000 28.5000
v -8.9500 0.0000 21.5000
v -8.9500 0.0000 28.5000
v -8.9500 0.7000 28.5000
v -8.9500 0.7000 21.5000
v -8.9400 1.7500 24.4000
v -8.9400 1.7500 25.6000
v -8.9400 3.0500 25.6000
v -8.9400 3.0500 24.4000
v -11.5000 0.0000 28.5000
v -11.5000 1.7500 28.5000
v -14.0000 0.0000 28.5000
v -14.0000 1.7500 28.5000
v -16.5000 0.0000 28.5000
v -16.5000 1.7500 28.5000
v -19.0000 0.0000 28.5000
v -19.0000 1.7500 28.5000
v -11.5000 3.5000 28.5000
v -14.0000 3.5000 28.5000
v -16.5000 3.5000 28.5000
v -19.0000 3.5000 28.5000
v -9.0000 0.0000 28.5500
v -19.0000 0.0000 28.5500
v -19.0000 0.7000 28.5500
v -9.0000 0.7000 28.5500
v -13.4000 1.7500 28.5600
v -14.6000 1.7500 28.5600
v -14.6000 3.0500 28.5600
v -13.4000 3.0500 28.5600
v -19.0000 0.0000 26.1667
v -19.0000 1.7500 26.1667
v -19.0000 0.0000 23.8333
v -19.0000 1.7500 23.8333
v -19.0000 3.5000 26.1667
v -19.0000 3.5000 23.8333
v -19.0500 0.0000 28.5000
v -19.0500 0.0000 21.5000
v -19.0500 0.7000 21.5000
v -19.0500 0.7000 28.5000
v -19.0600 1.7500 25.6000
v -19.0600 1.7500 24.4000
v -19.0600 3.0500 24.4000
v -19.0600 3.0500 25.6000
v -19.5500 3.3500 29.0500
v -16.7750 3.3500 29.0500
v -16.7750 4.7375 27.0250
v -19.5500 4.7375 27.0250
v -14.0000 3.3500 29.0500
v -14.0000 4.7375 27.0250
v -11.2250 3.3500 29.0500
v -11.2250 4.7375 27.0250
v -8.4500 3.3500 29.0500
v -8.4500 4.7375 27.0250
v -16.7750 6.1250 25.0000
v -19.5500 6.1250 25.0000
v -14.0000 6.1250 25.0000
v -11.2250 6.1250 25.0000
v -8.4500 6.1250 25.0000
v -19.5500 3.3500 20.9500
v -16.7750 3.3500 20.9500
v -16.7750 4.7375 22.9750
v -19.5500 4.7375 22.9750
v -14.0000 3.3500 20.9500
v -14.0000 4.7375 22.9750
v -11.2250 3.3500 20.9500
v -11.2250 4.7375 22.9750
v -8.4500 3.3500 20.9500
v -8.4500 4.7375 22.9750
v -9.0000 6.1250 25.0000
v -19.0000 6.1250 25.0000
v -12.1700 4.6813 25.4550
v -11.3300 4.6813 25.4550
v -11.3300 7.4250 25.4550
v -12.1700 7.4250 25.4550
v -11.3300 4.6813 26.2950
v -11.3300 7.4250 26.2950
v -12.1700 4.6813 26.2950
v -12.1700 7.4250 26.2950
v -14.9000 0.0000 20.6000
v -13.1000 0.0000 20.6000
v -13.1000 0.2000 20.6000
v -14.9000 0.2000 20.6000
v -13.1000 0.0000 21.5000
v -13.1000 0.2000 21.5000
v -14.9000 0.0000 21.5000
v -14.9000 0.2000 21.5000
v 9.0000 0.0000 22.5000
v 11.5000 0.0000 22.5000
v 11.5000 2.0000 22.5000
v 9.0000 2.0000 22.5000
v 14.0000 0.0000 22.5000
v 14.0000 2.0000 22.5000
v 16.5000 0.0000 22.5000
v 16.5000 2.0000 22.5000
v 19.0000 0.0000 22.5000
v 19.0000 2.0000 22.5000
v 11.5000 4.0000 22.5000
v 9.0000 4.0000 22.5000
v 14.0000 4.0000 22.5000
v 16.5000 4.0000 22.5000
v 19.0000 4.0000 22.5000
v 9.0000 0.0000 22.4500
v 19.0000 0.0000 22.4500
v 19.0000 0.7000 22.4500
v 9.0000 0.7000 22.4500
v 13.2500 0.0000 22.4400
v 14.7500 0.0000 22.4400
v 14.7500 2.3000 22.4400
v 13.2500 2.3000 22.4400
v 10.2000 2.0000 22.4400
v 11.4000 2.0000 22.4400
v 11.4000 3.3000 22.4400
v 10.2000 3.3000 22.4400
v 16.6000 2.0000 22.4400
v 17.8000 2.0000 22.4400
v 17.8000 3.3000 22.4400
v 16.6000 3.3000 22.4400
v 19.0000 0.0000 24.8333
v 19.0000 2.0000 24.8333
v 19.0000 0.0000 27.1667
v 19.0000 2.0000 27.1667
v 19.0000 0.0000 29.5000
v 19.0000 2.0000 29.5000
v 19.0000 4.0000 24.8333
v 19.0000 4.0000 27.1667
v 19.0000 4.0000 29.5000
v 19.0500 0.0000 22.5000
v 19.0500 0.0000 29.5000
v 19.0500 0.7000 29.5000
v 19.0500 0.7000 22.5000
v 19.0600 2.0000 25.4000
v 19.0600 2.0000 26.6000
v 19.0600 3.3000 26.6000
v 19.0600 3.3000 25.4000
v 16.5000 0.0000 29.5000
v 16.5000 2.0000 29.5000
v 14.0000 0.0000 29.5000
v 14.0000 2.0000 29.5000
v 11.5000 0.0000 29.5000
v 11.5000 2.0000 29.5000
v 9.0000 0.0000 29.5000
v 9.0000 2.0000 29.5000
v 16.5000 4.0000 29.5000
v 14.0000 4.0000 29.5000
v 11.5000 4.0000 29.5000
v 9.0000 4.0000 29.5000
v 19.0000 0.0000 29.5500
v 9.0000 0.0000 29.5500
v 9.0000 0.7000 29.5500
v 19.0000 0.7000 29.5500
v 14.6000 2.0000 29.5600
v 13.4000 2.0000 29.5600
v 13.4000 3.3000 29.5600
v 14.6000 3.3000 29.5600
v 9.0000 0.0000 27.1667
v 9.0000 2.0000 27.1667
v 9.0000 0.0000 24.8333
v 9.0000 2.0000 24.8333
v 9.0000 4.0000 27.1667
v 9.0000 4.0000 24.8333
v 8.9500 0.0000 29.5000
v 8.9500 0.0000 22.5000
v 8.9500 0.7000 22.5000
v 8.9500 0.7000 29.5000
v 8.9400 2.0000 26.6000
v 8.9400 2.0000 25.4000
v 8.9400 3.3000 25.4000
v 8.9400 3.3000 26.6000
v 8.4500 3.8500 30.0500
v 11.2250 3.8500 30.0500
v 11.2250 5.2375 28.0250
v 8.4500 5.2375 28.0250
v 14.0000 3.8500 30.0500
v 14.0000 5.2375 28.0250
v 16.7750 3.8500 30.0500
v 16.7750 5.2375 28.0250
v 19.5500 3.8500 30.0500
v 19.5500 5.2375 28.0250
v 11.2250 6.6250 26.0000
v 8.4500 6.6250 26.0000
v 14.0000 6.6250 26.0000
v 16.7750 6.6250 26.0000
v 19.5500 6.6250 26.0000
v 8.4500 3.8500 21.9500
v 11.2250 3.8500 21.9500
v 11.2250 5.2375 23.9750
v 8.4500 5.2375 23.9750
v 14.0000 3.8500 21.9500
v 14.0000 5.2375 23.9750
v 16.7750 3.8500 21.9500
v 16.7750 5.2375 23.9750
v 19.5500 3.8500 21.9500
v 19.5500 5.2375 23.9750
v 19.0000 6.6250 26.0000
v 9.0000 6.6250 26.0000
v 15.8300 5.1813 26.4550
v 16.6700 5.1813 26.4550
v 16.6700 7.9250 26.4550
v 15.8300 7.9250 26.4550
v 16.6700 5.1813 27.2950
v 16.6700 7.9250 27.2950
v 15.8300 5.1813 27.2950
v 15.8300 7.9250 27.2950
v 13.1000 0.0000 21.6000
v 14.9000 0.0000 21.6000
v 14.9000 0.2000 21.6000
v 13.1000 0.2000 21.6000
v 14.9000 0.0000 22.5000
v 14.9000 0.2000 22.5000
v 13.1000 0.0000 22.5000
v 13.1000 0.2000 22.5000
v -12.4000 0.0000 -20.3000
v -12.1573 0.0000 -20.1237
v -12.1000 0.0000 -20.3000
v -12.3073 0.0000 -20.0147
v -12.4927 0.0000 -20.0147
v -12.6427 0.0000 -20.1237
v -12.7000 0.0000 -20.3000
v -12.6427 0.0000 -20.4763
v -12.4927 0.0000 -20.5853
v -12.3073 0.0000 -20.5853
v -12.1573 0.0000 -20.4763
v -12.0926 0.2500 -20.0766
v -12.0200 0.2500 -20.3000
v -12.2826 0.2500 -19.9386
v -12.5174 0.2500 -19.9386
v -12.7074 0.2500 -20.0766
v -12.7800 0.2500 -20.3000
v -12.7074 0.2500 -20.5234
v -12.5174 0.2500 -20.6614
v -12.2826 0.2500 -20.6614
v -12.0926 0.2500 -20.5234
v -12.0764 0.4500 -20.0649
v -12.0000 0.4500 -20.3000
v -12.2764 0.4500 -19.9196
v -12.5236 0.4500 -19.9196
v -12.7236 0.4500 -20.0649
v -12.8000 0.4500 -20.3000
v -12.7236 0.4500 -20.5351
v -12.5236 0.4500 -20.6804
v -12.2764 0.4500 -20.6804
v -12.0764 0.4500 -20.5351
v -12.0926 0.6500 -20.0766
v -12.0200 0.6500 -20.3000
v -12.2826 0.6500 -19.9386
v -12.5174 0.6500 -19.9386
v -12.7074 0.6500 -20.0766
v -12.7800 0.6500 -20.3000
v -12.7074 0.6500 -20.5234
v -12.5174 0.6500 -20.6614
v -12.2826 0.6500 -20.6614
v -12.0926 0.6500 -20.5234
v -12.1492 0.8500 -20.1178
v -12.0900 0.8500 -20.3000
v -12.3042 0.8500 -20.0052
v -12.4958 0.8500 -20.0052
v -12.6508 0.8500 -20.1178
v -12.7100 0.8500 -20.3000
v -12.6508 0.8500 -20.4822
v -12.4958 0.8500 -20.5948
v -12.3042 0.8500 -20.5948
v -12.1492 0.8500 -20.4822
v -12.4000 0.8500 -20.3000
v -11.5000 0.0000 -20.2000
v -11.2573 0.0000 -20.0237
v -11.2000 0.0000 -20.2000
v -11.4073 0.0000 -19.9147
v -11.5927 0.0000 -19.9147
v -11.7427 0.0000 -20.0237
v -11.8000 0.0000 -20.2000
v -11.7427 0.0000 -20.3763
v -11.5927 0.0000 -20.4853
v -11.4073 0.0000 -20.4853
v -11.2573 0.0000 -20.3763
v -11.1926 0.2500 -19.9766
v -11.1200 0.2500 -20.2000
v -11.3826 0.2500 -19.8386
v -11.6174 0.2500 -19.8386
v -11.8074 0.2500 -19.9766
v -11.8800 0.2500 -20.2000
v -11.8074 0.2500 -20.4234
v -11.6174 0.2500 -20.5614
v -11.3826 0.2500 -20.5614
v -11.1926 0.2500 -20.4234
v -11.1764 0.4500 -19.9649
v -11.1000 0.4500 -20.2000
v -11.3764 0.4500 -19.8196
v -11.6236 0.4500 -19.8196
v -11.8236 0.4500 -19.9649
v -11.9000 0.4500 -20.2000
v -11.8236 0.4500 -20.4351
v -11.6236 0.4500 -20.5804
v -11.3764 0.4500 -20.5804
v -11.1764 0.4500 -20.4351
v -11.1926 0.6500 -19.9766
v -11.1200 0.6500 -20.2000
v -11.3826 0.6500 -19.8386
v -11.6174 0.6500 -19.8386
v -11.8074 0.6500 -19.9766
v -11.8800 0.6500 -20.2000
v -11.8074 0.6500 -20.4234
v -11.6174 0.6500 -20.5614
v -11.3826 0.6500 -20.5614
v -11.1926 0.6500 -20.4234
v -11.2492 0.8500 -20.0178
v -11.1900 0.8500 -20.2000
v -11.4042 0.8500 -19.9052
v -11.5958 0.8500 -19.9052
v -11.7508 0.8500 -20.0178
v -11.8100 0.8500 -20.2000
v -11.7508 0.8500 -20.3822
v -11.5958 0.8500 -20.4948
v -11.4042 0.8500 -20.4948
v -11.2492 0.8500 -20.3822
v -11.5000 0.8500 -20.2000
v 9.0000 0.0000 -20.2000
v 9.2427 0.0000 -20.0237
v 9.3000 0.0000 -20.2000
v 9.0927 0.0000 -19.9147
v 8.9073 0.0000 -19.9147
v 8.7573 0.0000 -20.0237
v 8.7000 0.0000 -20.2000
v 8.7573 0.0000 -20.3763
v 8.9073 0.0000 -20.4853
v 9.0927 0.0000 -20.4853
v 9.2427 0.0000 -20.3763
v 9.3074 0.2500 -19.9766
v 9.3800 0.2500 -20.2000
v 9.1174 0.2500 -19.8386
v 8.8826 0.2500 -19.8386
v 8.6926 0.2500 -19.9766
v 8.6200 0.2500 -20.2000
v 8.6926 0.2500 -20.4234
v 8.8826 0.2500 -20.5614
v 9.1174 0.2500 -20.5614
v 9.3074 0.2500 -20.4234
v 9.3236 0.4500 -19.9649
v 9.4000 0.4500 -20.2000
v 9.1236 0.4500 -19.8196
v 8.8764 0.4500 -19.8196
v 8.6764 0.4500 -19.9649
v 8.6000 0.4500 -20.2000
v 8.6764 0.4500 -20.4351
v 8.8764 0.4500 -20.5804
v 9.1236 0.4500 -20.5804
v 9.3236 0.4500 -20.4351
v 9.3074 0.6500 -19.9766
v 9.3800 0.6500 -20.2000
v 9.1174 0.6500 -19.8386
v 8.8826 0.6500 -19.8386
v 8.6926 0.6500 -19.9766
v 8.6200 0.6500 -20.2000
v 8.6926 0.6500 -20.4234
v 8.8826 0.6500 -20.5614
v 9.1174 0.6500 -20.5614
v 9.3074 0.6500 -20.4234
v 9.2508 0.8500 -20.0178
v 9.3100 0.8500 -20.2000
v 9.0958 0.8500 -19.9052
v 8.9042 0.8500 -19.9052
v 8.7492 0.8500 -20.0178
v 8.6900 0.8500 -20.2000
v 8.7492 0.8500 -20.3822
v 8.9042 0.8500 -20.4948
v 9.0958 0.8500 -20.4948
v 9.2508 0.8500 -20.3822
v 9.0000 0.8500 -20.2000
v -23.5000 0.0000 -9.0000
v -23.2573 0.0000 -8.8237
v -23.2000 0.0000 -9.0000
v -23.4073 0.0000 -8.7147
v -23.5927 0.0000 -8.7147
v -23.7427 0.0000 -8.8237
v -23.8000 0.0000 -9.0000
v -23.7427 0.0000 -9.1763
v -23.5927 0.0000 -9.2853
v -23.4073 0.0000 -9.2853
v -23.2573 0.0000 -9.1763
v -23.1926 0.2500 -8.7766
v -23.1200 0.2500 -9.0000
v -23.3826 0.2500 -8.6386
v -23.6174 0.2500 -8.6386
v -23.8074 0.2500 -8.7766
v -23.8800 0.2500 -9.0000
v -23.8074 0.2500 -9.2234
v -23.6174 0.2500 -9.3614
v -23.3826 0.2500 -9.3614
v -23.1926 0.2500 -9.2234
v -23.1764 0.4500 -8.7649
v -23.1000 0.4500 -9.0000
v -23.3764 0.4500 -8.6196
v -23.6236 0.4500 -8.6196
v -23.8236 0.4500 -8.7649
v -23.9000 0.4500 -9.0000
v -23.8236 0.4500 -9.2351
v -23.6236 0.4500 -9.3804
v -23.3764 0.4500 -9.3804
v -23.1764 0.4500 -9.2351
v -23.1926 0.6500 -8.7766
v -23.1200 0.6500 -9.0000
v -23.3826 0.6500 -8.6386
v -23.6174 0.6500 -8.6386
v -23.8074 0.6500 -8.7766
v -23.8800 0.6500 -9.0000
v -23.8074 0.6500 -9.2234
v -23.6174 0.6500 -9.3614
v -23.3826 0.6500 -9.3614
v -23.1926 0.6500 -9.2234
v -23.2492 0.8500 -8.8178
v -23.1900 0.8500 -9.0000
v -23.4042 0.8500 -8.7052
v -23.5958 0.8500 -8.7052
v -23.7508 0.8500 -8.8178
v -23.8100 0.8500 -9.0000
v -23.7508 0.8500 -9.1822
v -23.5958 0.8500 -9.2948
v -23.4042 0.8500 -9.2948
v -23.2492 0.8500 -9.1822
v -23.5000 0.8500 -9.0000
v -23.4000 0.0000 -2.2000
v -23.1573 0.0000 -2.0237
v -23.1000 0.0000 -2.2000
v -23.3073 0.0000 -1.9147
v -23.4927 0.0000 -1.9147
v -23.6427 0.0000 -2.0237
v -23.7000 0.0000 -2.2000
v -23.6427 0.0000 -2.3763
v -23.4927 0.0000 -2.4853
v -23.3073 0.0000 -2.4853
v -23.1573 0.0000 -2.3763
v -23.0926 0.2500 -1.9766
v -23.0200 0.2500 -2.2000
v -23.2826 0.2500 -1.8386
v -23.5174 0.2500 -1.8386
v -23.7074 0.2500 -1.9766
v -23.7800 0.2500 -2.2000
v -23.7074 0.2500 -2.4234
v -23.5174 0.2500 -2.5614
v -23.2826 0.2500 -2.5614
v -23.0926 0.2500 -2.4234
v -23.0764 0.4500 -1.9649
v -23.0000 0.4500 -2.2000
v -23.2764 0.4500 -1.8196
v -23.5236 0.4500 -1.8196
v -23.7236 0.4500 -1.9649
v -23.8000 0.4500 -2.2000
v -23.7236 0.4500 -2.4351
v -23.5236 0.4500 -2.5804
v -23.2764 0.4500 -2.5804
v -23.0764 0.4500 -2.4351
v -23.0926 0.6500 -1.9766
v -23.0200 0.6500 -2.2000
v -23.2826 0.6500 -1.8386
v -23.5174 0.6500 -1.8386
v -23.7074 0.6500 -1.9766
v -23.7800 0.6500 -2.2000
v -23.7074 0.6500 -2.4234
v -23.5174 0.6500 -2.5614
v -23.2826 0.6500 -2.5614
v -23.0926 0.6500 -2.4234
v -23.1492 0.8500 -2.0178
v -23.0900 0.8500 -2.2000
v -23.3042 0.8500 -1.9052
v -23.4958 0.8500 -1.9052
v -23.6508 0.8500 -2.0178
v -23.7100 0.8500 -2.2000
v -23.6508 0.8500 -2.3822
v -23.4958 0.8500 -2.4948
v -23.3042 0.8500 -2.4948
v -23.1492 0.8500 -2.3822
v -23.4000 0.8500 -2.2000
v 23.6000 0.0000 2.5000
v 23.8427 0.0000 2.6763
v 23.9000 0.0000 2.5000
v 23.6927 0.0000 2.7853
v 23.5073 0.0000 2.7853
v 23.3573 0.0000 2.6763
v 23.3000 0.0000 2.5000
v 23.3573 0.0000 2.3237
v 23.5073 0.0000 2.2147
v 23.6927 0.0000 2.2147
v 23.8427 0.0000 2.3237
v 23.9074 0.2500 2.7234
v 23.9800 0.2500 2.5000
v 23.7174 0.2500 2.8614
v 23.4826 0.2500 2.8614
v 23.2926 0.2500 2.7234
v 23.2200 0.2500 2.5000
v 23.2926 0.2500 2.2766
v 23.4826 0.2500 2.1386
v 23.7174 0.2500 2.1386
v 23.9074 0.2500 2.2766
v 23.9236 0.4500 2.7351
v 24.0000 0.4500 2.5000
v 23.7236 0.4500 2.8804
v 23.4764 0.4500 2.8804
v 23.2764 0.4500 2.7351
v 23.2000 0.4500 2.5000
v 23.2764 0.4500 2.2649
v 23.4764 0.4500 2.1196
v 23.7236 0.4500 2.1196
v 23.9236 0.4500 2.2649
v 23.9074 0.6500 2.7234
v 23.9800 0.6500 2.5000
v 23.7174 0.6500 2.8614
v 23.4826 0.6500 2.8614
v 23.2926 0.6500 2.7234
v 23.2200 0.6500 2.5000
v 23.2926 0.6500 2.2766
v 23.4826 0.6500 2.1386
v 23.7174 0.6500 2.1386
v 23.9074 0.6500 2.2766
v 23.8508 0.8500 2.6822
v 23.9100 0.8500 2.5000
v 23.6958 0.8500 2.7948
v 23.5042 0.8500 2.7948
v 23.3492 0.8500 2.6822
v 23.2900 0.8500 2.5000
v 23.3492 0.8500 2.3178
v 23.5042 0.8500 2.2052
v 23.6958 0.8500 2.2052
v 23.8508 0.8500 2.3178
v 23.6000 0.8500 2.5000
v -9.5000 0.0000 22.1000
v -9.2573 0.0000 22.2763
v -9.2000 0.0000 22.1000
v -9.4073 0.0000 22.3853
v -9.5927 0.0000 22.3853
v -9.7427 0.0000 22.2763
v -9.8000 0.0000 22.1000
v -9.7427 0.0000 21.9237
v -9.5927 0.0000 21.8147
v -9.4073 0.0000 21.8147
v -9.2573 0.0000 21.9237
v -9.1926 0.2500 22.3234
v -9.1200 0.2500 22.1000
v -9.3826 0.2500 22.4614
v -9.6174 0.2500 22.4614
v -9.8074 0.2500 22.3234
v -9.8800 0.2500 22.1000
v -9.8074 0.2500 21.8766
v -9.6174 0.2500 21.7386
v -9.3826 0.2500 21.7386
v -9.1926 0.2500 21.8766
v -9.1764 0.4500 22.3351
v -9.1000 0.4500 22.1000
v -9.3764 0.4500 22.4804
v -9.6236 0.4500 22.4804
v -9.8236 0.4500 22.3351
v -9.9000 0.4500 22.1000
v -9.8236 0.4500 21.8649
v -9.6236 0.4500 21.7196
v -9.3764 0.4500 21.7196
v -9.1764 0.4500 21.8649
v -9.1926 0.6500 22.3234
v -9.1200 0.6500 22.1000
v -9.3826 0.6500 22.4614
v -9.6174 0.6500 22.4614
v -9.8074 0.6500 22.3234
v -9.8800 0.6500 22.1000
v -9.8074 0.6500 21.8766
v -9.6174 0.6500 21.7386
v -9.3826 0.6500 21.7386
v -9.1926 0.6500 21.8766
v -9.2492 0.8500 22.2822
v -9.1900 0.8500 22.1000
v -9.4042 0.8500 22.3948
v -9.5958 0.8500 22.3948
v -9.7508 0.8500 22.2822
v -9.8100 0.8500 22.1000
v -9.7508 0.8500 21.9178
v -9.5958 0.8500 21.8052
v -9.4042 0.8500 21.8052
v -9.2492 0.8500 21.9178
v -9.5000 0.8500 22.1000
vt 0.0039 0.5039
vt 0.4961 0.5039
vt 0.4961 0.9961
vt 0.0039 0.9961
vt 0.0039 0.3164
vt 0.4961 0.3164
vt 0.4961 0.4961
vt 0.0039 0.4961
vt 0.0215 0.3164
vt 0.0215 0.3523
vt 0.0039 0.3523
vt 0.0391 0.3164
vt 0.0391 0.3523
vt 0.0566 0.3164
vt 0.0566 0.3523
vt 0.0742 0.3164
vt 0.0742 0.3523
vt 0.0918 0.3164
vt 0.0918 0.3523
vt 0.1094 0.3164
vt 0.1094 0.3523
vt 0.1270 0.3164
vt 0.1270 0.3523
vt 0.1445 0.3164
vt 0.1445 0.3523
vt 0.1621 0.3164
vt 0.1621 0.3523
vt 0.1797 0.3164
vt 0.1797 0.3523
vt 0.1973 0.3164
vt 0.1973 0.3523
vt 0.2148 0.3164
vt 0.2148 0.3523
vt 0.2324 0.3164
vt 0.2324 0.3523
vt 0.2500 0.3164
vt 0.2500 0.3523
vt 0.2676 0.3164
vt 0.2676 0.3523
vt 0.2852 0.3164
vt 0.2852 0.3523
vt 0.3027 0.3164
vt 0.3027 0.3523
vt 0.3203 0.3164
vt 0.3203 0.3523
vt 0.3379 0.3164
vt 0.3379 0.3523
vt 0.3555 0.3164
vt 0.3555 0.3523
vt 0.3730 0.3164
vt 0.3730 0.3523
vt 0.3906 0.3164
vt 0.3906 0.3523
vt 0.4082 0.3164
vt 0.4082 0.3523
vt 0.4258 0.3164
vt 0.4258 0.3523
vt 0.4434 0.3164
vt 0.4434 0.3523
vt 0.4609 0.3164
vt 0.4609 0.3523
vt 0.4785 0.3164
vt 0.4785 0.3523
vt 0.4961 0.3523
vt 0.0215 0.3883
vt 0.0039 0.3883
vt 0.0391 0.3883
vt 0.0566 0.3883
vt 0.0742 0.3883
vt 0.0918 0.3883
vt 0.1094 0.3883
vt 0.1270 0.3883
vt 0.1445 0.3883
vt 0.1621 0.3883
vt 0.1797 0.3883
vt 0.1973 0.3883
vt 0.2148 0.3883
vt 0.2324 0.3883
vt 0.2500 0.3883
vt 0.2676 0.3883
vt 0.2852 0.3883
vt 0.3027 0.3883
vt 0.3203 0.3883
vt 0.3379 0.3883
vt 0.3555 0.3883
vt 0.3730 0.3883
vt 0.3906 0.3883
vt 0.4082 0.3883
vt 0.4258 0.3883
vt 0.4434 0.3883
vt 0.4609 0.3883
vt 0.4785 0.3883
vt 0.4961 0.3883
vt 0.0215 0.4242
vt 0.0039 0.4242
vt 0.0391 0.4242
vt 0.0566 0.4242
vt 0.0742 0.4242
vt 0.0918 0.4242
vt 0.1094 0.4242
vt 0.1270 0.4242
vt 0.1445 0.4242
vt 0.1621 0.4242
vt 0.1797 0.4242
vt 0.1973 0.4242
vt 0.2148 0.4242
vt 0.2324 0.4242
vt 0.2500 0.4242
vt 0.2676 0.4242
vt 0.2852 0.4242
vt 0.3027 0.4242
vt 0.3203 0.4242
vt 0.3379 0.4242
vt 0.3555 0.4242
vt 0.3730 0.4242
vt 0.3906 0.4242
vt 0.4082 0.4242
vt 0.4258 0.4242
vt 0.4434 0.4242
vt 0.4609 0.4242
vt 0.4785 0.4242
vt 0.4961 0.4242
vt 0.0215 0.4602
vt 0.0039 0.4602
vt 0.0391 0.4602
vt 0.0566 0.4602
vt 0.0742 0.4602
vt 0.0918 0.4602
vt 0.1094 0.4602
vt 0.1270 0.4602
vt 0.1445 0.4602
vt 0.1621 0.4602
vt 0.1797 0.4602
vt 0.1973 0.4602
vt 0.2148 0.4602
vt 0.2324 0.4602
vt 0.2500 0.4602
vt 0.2676 0.4602
vt 0.2852 0.4602
vt 0.3027 0.4602
vt 0.3203 0.4602
vt 0.3379 0.4602
vt 0.3555 0.4602
vt 0.3730 0.4602
vt 0.3906 0.4602
vt 0.4082 0.4602
vt 0.4258 0.4602
vt 0.4434 0.4602
vt 0.4609 0.4602
vt 0.4785 0.4602
vt 0.4961 0.4602
vt 0.0215 0.4961
vt 0.0391 0.4961
vt 0.0566 0.4961
vt 0.0742 0.4961
vt 0.0918 0.4961
vt 0.1094 0.4961
vt 0.1270 0.4961
vt 0.1445 0.4961
vt 0.1621 0.4961
vt 0.1797 0.4961
vt 0.1973 0.4961
vt 0.2148 0.4961
vt 0.2324 0.4961
vt 0.2500 0.4961
vt 0.2676 0.4961
vt 0.2852 0.4961
vt 0.3027 0.4961
vt 0.3203 0.4961
vt 0.3379 0.4961
vt 0.3555 0.4961
vt 0.3730 0.4961
vt 0.3906 0.4961
vt 0.4082 0.4961
vt 0.4258 0.4961
vt 0.4434 0.4961
vt 0.4609 0.4961
vt 0.4785 0.4961
vt 0.0039 0.1602
vt 0.0215 0.1602
vt 0.0215 0.2344
vt 0.0039 0.2344
vt 0.0391 0.1602
vt 0.0391 0.2344
vt 0.0566 0.1602
vt 0.0566 0.2344
vt 0.0742 0.1602
vt 0.0742 0.2344
vt 0.0918 0.1602
vt 0.0918 0.2344
vt 0.1094 0.1602
vt 0.1094 0.2344
vt 0.1270 0.1602
vt 0.1270 0.2344
vt 0.1445 0.1602
vt 0.1445 0.2344
vt 0.1621 0.1602
vt 0.1621 0.2344
vt 0.1797 0.1602
vt 0.1797 0.2344
vt 0.1973 0.1602
vt 0.1973 0.2344
vt 0.2148 0.1602
vt 0.2148 0.2344
vt 0.2324 0.1602
vt 0.2324 0.2344
vt 0.2500 0.1602
vt 0.2500 0.2344
vt 0.2676 0.1602
vt 0.2676 0.2344
vt 0.2852 0.1602
vt 0.2852 0.2344
vt 0.3027 0.1602
vt 0.3027 0.2344
vt 0.3203 0.1602
vt 0.3203 0.2344
vt 0.3379 0.1602
vt 0.3379 0.2344
vt 0.3555 0.1602
vt 0.3555 0.2344
vt 0.3730 0.1602
vt 0.3730 0.2344
vt 0.3906 0.1602
vt 0.3906 0.2344
vt 0.4082 0.1602
vt 0.4082 0.2344
vt 0.4258 0.1602
vt 0.4258 0.2344
vt 0.4434 0.1602
vt 0.4434 0.2344
vt 0.4609 0.1602
vt 0.4609 0.2344
vt 0.4785 0.1602
vt 0.4785 0.2344
vt 0.4961 0.1602
vt 0.4961 0.2344
vt 0.0215 0.3086
vt 0.0039 0.3086
vt 0.0391 0.3086
vt 0.0566 0.3086
vt 0.0742 0.3086
vt 0.0918 0.3086
vt 0.1094 0.3086
vt 0.1270 0.3086
vt 0.1445 0.3086
vt 0.1621 0.3086
vt 0.1797 0.3086
vt 0.1973 0.3086
vt 0.2148 0.3086
vt 0.2324 0.3086
vt 0.2500 0.3086
vt 0.2676 0.3086
vt 0.2852 0.3086
vt 0.3027 0.3086
vt 0.3203 0.3086
vt 0.3379 0.3086
vt 0.3555 0.3086
vt 0.3730 0.3086
vt 0.3906 0.3086
vt 0.4082 0.3086
vt 0.4258 0.3086
vt 0.4434 0.3086
vt 0.4609 0.3086
vt 0.4785 0.3086
vt 0.4961 0.3086
vt 0.0391 0.5039
vt 0.0391 0.6023
vt 0.0039 0.6023
vt 0.0742 0.5039
vt 0.0742 0.6023
vt 0.1094 0.5039
vt 0.1094 0.6023
vt 0.1445 0.5039
vt 0.1445 0.6023
vt 0.1797 0.5039
vt 0.1797 0.6023
vt 0.2148 0.5039
vt 0.2148 0.6023
vt 0.2500 0.5039
vt 0.2500 0.6023
vt 0.2852 0.5039
vt 0.2852 0.6023
vt 0.3203 0.5039
vt 0.3203 0.6023
vt 0.3555 0.5039
vt 0.3555 0.6023
vt 0.3906 0.5039
vt 0.3906 0.6023
vt 0.4258 0.5039
vt 0.4258 0.6023
vt 0.4609 0.5039
vt 0.4609 0.6023
vt 0.4961 0.6023
vt 0.0391 0.7008
vt 0.0039 0.7008
vt 0.0742 0.7008
vt 0.1094 0.7008
vt 0.1445 0.7008
vt 0.1797 0.7008
vt 0.2148 0.7008
vt 0.2500 0.7008
vt 0.2852 0.7008
vt 0.3203 0.7008
vt 0.3555 0.7008
vt 0.3906 0.7008
vt 0.4258 0.7008
vt 0.4609 0.7008
vt 0.4961 0.7008
vt 0.0391 0.7992
vt 0.0039 0.7992
vt 0.0742 0.7992
vt 0.1094 0.7992
vt 0.1445 0.7992
vt 0.1797 0.7992
vt 0.2148 0.7992
vt 0.2500 0.7992
vt 0.2852 0.7992
vt 0.3203 0.7992
vt 0.3555 0.7992
vt 0.3906 0.7992
vt 0.4258 0.7992
vt 0.4609 0.7992
vt 0.4961 0.7992
vt 0.0391 0.8977
vt 0.0039 0.8977
vt 0.0742 0.8977
vt 0.1094 0.8977
vt 0.1445 0.8977
vt 0.1797 0.8977
vt 0.2148 0.8977
vt 0.2500 0.8977
vt 0.2852 0.8977
vt 0.3203 0.8977
vt 0.3555 0.8977
vt 0.3906 0.8977
vt 0.4258 0.8977
vt 0.4609 0.8977
vt 0.4961 0.8977
vt 0.0391 0.9961
vt 0.0742 0.9961
vt 0.1094 0.9961
vt 0.1445 0.9961
vt 0.1797 0.9961
vt 0.2148 0.9961
vt 0.2500 0.9961
vt 0.2852 0.9961
vt 0.3203 0.9961
vt 0.3555 0.9961
vt 0.3906 0.9961
vt 0.4258 0.9961
vt 0.4609 0.9961
vt 0.0312 0.3164
vt 0.0312 0.4062
vt 0.0039 0.4062
vt 0.0586 0.3164
vt 0.0586 0.4062
vt 0.0859 0.3164
vt 0.0859 0.4062
vt 0.1133 0.3164
vt 0.1133 0.4062
vt 0.1406 0.3164
vt 0.1406 0.4062
vt 0.1680 0.3164
vt 0.1680 0.4062
vt 0.1953 0.3164
vt 0.1953 0.4062
vt 0.2227 0.3164
vt 0.2227 0.4062
vt 0.2500 0.4062
vt 0.2773 0.3164
vt 0.2773 0.4062
vt 0.3047 0.3164
vt 0.3047 0.4062
vt 0.3320 0.3164
vt 0.3320 0.4062
vt 0.3594 0.3164
vt 0.3594 0.4062
vt 0.3867 0.3164
vt 0.3867 0.4062
vt 0.4141 0.3164
vt 0.4141 0.4062
vt 0.4414 0.3164
vt 0.4414 0.4062
vt 0.4688 0.3164
vt 0.4688 0.4062
vt 0.4961 0.4062
vt 0.0312 0.4961
vt 0.0586 0.4961
vt 0.0859 0.4961
vt 0.1133 0.4961
vt 0.1406 0.4961
vt 0.1680 0.4961
vt 0.1953 0.4961
vt 0.2227 0.4961
vt 0.2773 0.4961
vt 0.3047 0.4961
vt 0.3320 0.4961
vt 0.3594 0.4961
vt 0.3867 0.4961
vt 0.4141 0.4961
vt 0.4414 0.4961
vt 0.4688 0.4961
vt 0.0531 0.1602
vt 0.0531 0.2344
vt 0.1023 0.1602
vt 0.1023 0.2344
vt 0.1516 0.1602
vt 0.1516 0.2344
vt 0.2008 0.1602
vt 0.2008 0.2344
vt 0.2992 0.1602
vt 0.2992 0.2344
vt 0.3484 0.1602
vt 0.3484 0.2344
vt 0.3977 0.1602
vt 0.3977 0.2344
vt 0.4469 0.1602
vt 0.4469 0.2344
vt 0.0531 0.3086
vt 0.1023 0.3086
vt 0.1516 0.3086
vt 0.2008 0.3086
vt 0.2992 0.3086
vt 0.3484 0.3086
vt 0.3977 0.3086
vt 0.4469 0.3086
vt 0.5039 0.7539
vt 0.9961 0.7539
vt 0.9961 0.9961
vt 0.5039 0.9961
vt 0.7539 0.0039
vt 0.9961 0.0039
vt 0.9961 0.2461
vt 0.7539 0.2461
vt 0.5039 0.0039
vt 0.7461 0.0039
vt 0.7461 0.2461
vt 0.5039 0.2461
vt 0.5039 0.2539
vt 0.9961 0.2539
vt 0.9961 0.4961
vt 0.5039 0.4961
vt 0.7500 0.9961
vt 0.5039 0.5039
vt 0.9961 0.5039
vt 0.9961 0.7461
vt 0.5039 0.7461
vt 0.7500 0.7461
vt 0.0039 0.0039
vt 0.0531 0.0039
vt 0.0531 0.0286
vt 0.0039 0.0286
vt 0.1023 0.0039
vt 0.1023 0.0286
vt 0.1516 0.0039
vt 0.1516 0.0286
vt 0.2008 0.0039
vt 0.2008 0.0286
vt 0.2500 0.0039
vt 0.2500 0.0286
vt 0.2992 0.0039
vt 0.2992 0.0286
vt 0.3484 0.0039
vt 0.3484 0.0286
vt 0.3977 0.0039
vt 0.3977 0.0286
vt 0.4469 0.0039
vt 0.4469 0.0286
vt 0.4961 0.0039
vt 0.4961 0.0286
vt 0.0531 0.0534
vt 0.0039 0.0534
vt 0.1023 0.0534
vt 0.1516 0.0534
vt 0.2008 0.0534
vt 0.2500 0.0534
vt 0.2992 0.0534
vt 0.3484 0.0534
vt 0.3977 0.0534
vt 0.4469 0.0534
vt 0.4961 0.0534
vt 0.0531 0.0781
vt 0.0039 0.0781
vt 0.1023 0.0781
vt 0.1516 0.0781
vt 0.2008 0.0781
vt 0.2500 0.0781
vt 0.2992 0.0781
vt 0.3484 0.0781
vt 0.3977 0.0781
vt 0.4469 0.0781
vt 0.4961 0.0781
vt 0.0531 0.1029
vt 0.0039 0.1029
vt 0.1023 0.1029
vt 0.1516 0.1029
vt 0.2008 0.1029
vt 0.2500 0.1029
vt 0.2992 0.1029
vt 0.3484 0.1029
vt 0.3977 0.1029
vt 0.4469 0.1029
vt 0.4961 0.1029
vt 0.0531 0.1276
vt 0.0039 0.1276
vt 0.1023 0.1276
vt 0.1516 0.1276
vt 0.2008 0.1276
vt 0.2500 0.1276
vt 0.2992 0.1276
vt 0.3484 0.1276
vt 0.3977 0.1276
vt 0.4469 0.1276
vt 0.4961 0.1276
vt 0.0531 0.1523
vt 0.0039 0.1523
vt 0.1023 0.1523
vt 0.1516 0.1523
vt 0.2008 0.1523
vt 0.2500 0.1523
vt 0.2992 0.1523
vt 0.3484 0.1523
vt 0.3977 0.1523
vt 0.4469 0.1523
vt 0.4961 0.1523
vn 0.000 1.000 0.000
vn 0.000 0.000 -1.000
vn 1.000 0.000 -0.000
vn 0.000 0.000 1.000
vn -1.000 0.000 -0.000
vn 0.999 -0.054 0.000
vn 0.974 -0.054 0.222
vn 0.975 -0.000 0.223
vn 0.900 -0.054 0.433
vn 0.901 -0.000 0.434
vn 0.781 -0.054 0.623
vn 0.782 -0.000 0.623
vn 0.623 -0.054 0.781
vn 0.623 -0.000 0.782
vn 0.433 -0.054 0.900
vn 0.434 -0.000 0.901
vn 0.222 -0.054 0.974
vn 0.223 -0.000 0.975
vn 0.000 -0.054 0.999
vn -0.222 -0.054 0.974
vn -0.223 -0.000 0.975
vn -0.433 -0.054 0.900
vn -0.434 -0.000 0.901
vn -0.623 -0.054 0.781
vn -0.623 -0.000 0.782
vn -0.781 -0.054 0.623
vn -0.782 -0.000 0.623
vn -0.900 -0.054 0.433
vn -0.901 -0.000 0.434
vn -0.974 -0.054 0.222
vn -0.975 -0.000 0.223
vn -0.999 -0.054 0.000
vn -0.974 -0.054 -0.222
vn -0.975 -0.000 -0.223
vn -0.900 -0.054 -0.433
vn -0.901 -0.000 -0.434
vn -0.781 -0.054 -0.623
vn -0.782 -0.000 -0.623
vn -0.623 -0.054 -0.781
vn -0.623 -0.000 -0.782
vn -0.433 -0.054 -0.900
vn -0.434 -0.000 -0.901
vn -0.222 -0.054 -0.974
vn -0.223 -0.000 -0.975
vn -0.000 -0.054 -0.999
vn 0.222 -0.054 -0.974
vn 0.223 -0.000 -0.975
vn 0.433 -0.054 -0.900
vn 0.434 -0.000 -0.901
vn 0.623 -0.054 -0.781
vn 0.623 -0.000 -0.782
vn 0.781 -0.054 -0.623
vn 0.782 -0.000 -0.623
vn 0.900 -0.054 -0.433
vn 0.901 -0.000 -0.434
vn 0.974 -0.054 -0.222
vn 0.975 -0.000 -0.223
vn 0.864 0.464 0.197
vn 0.886 0.464 0.000
vn 0.798 0.464 0.384
vn 0.693 0.464 0.552
vn 0.552 0.464 0.693
vn 0.384 0.464 0.798
vn 0.197 0.464 0.864
vn 0.000 0.464 0.886
vn -0.197 0.464 0.864
vn -0.384 0.464 0.798
vn -0.552 0.464 0.693
vn -0.693 0.464 0.552
vn -0.798 0.464 0.384
vn -0.864 0.464 0.197
vn -0.886 0.464 0.000
vn -0.864 0.464 -0.197
vn -0.798 0.464 -0.384
vn -0.693 0.464 -0.552
vn -0.552 0.464 -0.693
vn -0.384 0.464 -0.798
vn -0.197 0.464 -0.864
vn -0.000 0.464 -0.886
vn 0.197 0.464 -0.864
vn 0.384 0.464 -0.798
vn 0.552 0.464 -0.693
vn 0.693 0.464 -0.552
vn 0.798 0.464 -0.384
vn 0.864 0.464 -0.197
vn 0.049 0.999 0.011
vn 0.050 0.999 0.000
vn 0.045 0.999 0.022
vn 0.039 0.999 0.031
vn 0.031 0.999 0.039
vn 0.022 0.999 0.045
vn 0.011 0.999 0.049
vn 0.000 0.999 0.050
vn -0.011 0.999 0.049
vn -0.022 0.999 0.045
vn -0.031 0.999 0.039
vn -0.039 0.999 0.031
vn -0.045 0.999 0.022
vn -0.049 0.999 0.011
vn -0.050 0.999 0.000
vn -0.049 0.999 -0.011
vn -0.045 0.999 -0.022
vn -0.039 0.999 -0.031
vn -0.031 0.999 -0.039
vn -0.022 0.999 -0.045
vn -0.011 0.999 -0.049
vn -0.000 0.999 -0.050
vn 0.011 0.999 -0.049
vn 0.022 0.999 -0.045
vn 0.031 0.999 -0.039
vn 0.039 0.999 -0.031
vn 0.045 0.999 -0.022
vn 0.049 0.999 -0.011
vn -0.827 0.530 -0.189
vn -0.848 0.530 -0.000
vn -0.764 0.530 -0.368
vn -0.663 0.530 -0.529
vn -0.529 0.530 -0.663
vn -0.368 0.530 -0.764
vn -0.189 0.530 -0.827
vn -0.000 0.530 -0.848
vn 0.189 0.530 -0.827
vn 0.368 0.530 -0.764
vn 0.529 0.530 -0.663
vn 0.663 0.530 -0.529
vn 0.764 0.530 -0.368
vn 0.827 0.530 -0.189
vn 0.848 0.530 -0.000
vn 0.827 0.530 0.189
vn 0.764 0.530 0.368
vn 0.663 0.530 0.529
vn 0.529 0.530 0.663
vn 0.368 0.530 0.764
vn 0.189 0.530 0.827
vn 0.000 0.530 0.848
vn -0.189 0.530 0.827
vn -0.368 0.530 0.764
vn -0.529 0.530 0.663
vn -0.663 0.530 0.529
vn -0.764 0.530 0.368
vn -0.827 0.530 0.189
vn 0.944 0.330 0.000
vn 0.850 0.330 0.410
vn 0.863 0.287 0.416
vn 0.958 0.287 0.000
vn 0.588 0.330 0.738
vn 0.597 0.287 0.749
vn 0.210 0.330 0.920
vn 0.213 0.287 0.934
vn -0.210 0.330 0.920
vn -0.213 0.287 0.934
vn -0.588 0.330 0.738
vn -0.597 0.287 0.749
vn -0.850 0.330 0.410
vn -0.863 0.287 0.416
vn -0.944 0.330 0.000
vn -0.958 0.287 0.000
vn -0.850 0.330 -0.410
vn -0.863 0.287 -0.416
vn -0.588 0.330 -0.738
vn -0.597 0.287 -0.749
vn -0.210 0.330 -0.920
vn -0.213 0.287 -0.934
vn 0.210 0.330 -0.920
vn 0.213 0.287 -0.934
vn 0.588 0.330 -0.738
vn 0.597 0.287 -0.749
vn 0.850 0.330 -0.410
vn 0.863 0.287 -0.416
vn 0.896 -0.102 0.432
vn 0.995 -0.102 0.000
vn 0.620 -0.102 0.778
vn 0.221 -0.102 0.970
vn -0.221 -0.102 0.970
vn -0.620 -0.102 0.778
vn -0.896 -0.102 0.432
vn -0.995 -0.102 0.000
vn -0.896 -0.102 -0.432
vn -0.620 -0.102 -0.778
vn -0.221 -0.102 -0.970
vn 0.221 -0.102 -0.970
vn 0.620 -0.102 -0.778
vn 0.896 -0.102 -0.432
vn 0.704 -0.625 0.339
vn 0.781 -0.625 0.000
vn 0.487 -0.625 0.611
vn 0.174 -0.625 0.761
vn -0.174 -0.625 0.761
vn -0.487 -0.625 0.611
vn -0.704 -0.625 0.339
vn -0.781 -0.625 0.000
vn -0.704 -0.625 -0.339
vn -0.487 -0.625 -0.611
vn -0.174 -0.625 -0.761
vn 0.174 -0.625 -0.761
vn 0.487 -0.625 -0.611
vn 0.704 -0.625 -0.339
vn 0.705 0.623 0.340
vn 0.783 0.623 0.000
vn 0.488 0.623 0.612
vn 0.174 0.623 0.763
vn -0.174 0.623 0.763
vn -0.488 0.623 0.612
vn -0.705 0.623 0.340
vn -0.783 0.623 0.000
vn -0.705 0.623 -0.340
vn -0.488 0.623 -0.612
vn -0.174 0.623 -0.763
vn 0.174 0.623 -0.763
vn 0.488 0.623 -0.612
vn 0.705 0.623 -0.340
vn 0.363 0.915 0.175
vn 0.403 0.915 0.000
vn 0.251 0.915 0.315
vn 0.090 0.915 0.393
vn -0.090 0.915 0.393
vn -0.251 0.915 0.315
vn -0.363 0.915 0.175
vn -0.403 0.915 0.000
vn -0.363 0.915 -0.175
vn -0.251 0.915 -0.315
vn -0.090 0.915 -0.393
vn 0.090 0.915 -0.393
vn 0.251 0.915 -0.315
vn 0.363 0.915 -0.175
vn -0.573 0.819 -0.000
vn -0.539 0.819 -0.196
vn -0.148 0.987 -0.054
vn -0.158 0.987 -0.000
vn -0.439 0.819 -0.369
vn -0.121 0.987 -0.102
vn -0.287 0.819 -0.497
vn -0.079 0.987 -0.137
vn -0.100 0.819 -0.565
vn -0.027 0.987 -0.156
vn 0.100 0.819 -0.565
vn 0.027 0.987 -0.156
vn 0.287 0.819 -0.497
vn 0.079 0.987 -0.137
vn 0.439 0.819 -0.369
vn 0.121 0.987 -0.102
vn 0.539 0.819 -0.196
vn 0.148 0.987 -0.054
vn 0.573 0.819 -0.000
vn 0.158 0.987 -0.000
vn 0.539 0.819 0.196
vn 0.148 0.987 0.054
vn 0.439 0.819 0.369
vn 0.121 0.987 0.102
vn 0.287 0.819 0.497
vn 0.079 0.987 0.137
vn 0.100 0.819 0.565
vn 0.027 0.987 0.156
vn -0.100 0.819 0.565
vn -0.027 0.987 0.156
vn -0.287 0.819 0.497
vn -0.079 0.987 0.137
vn -0.439 0.819 0.369
vn -0.121 0.987 0.102
vn -0.539 0.819 0.196
vn -0.148 0.987 0.054
vn -0.072 0.997 -0.026
vn -0.077 0.997 -0.000
vn -0.059 0.997 -0.049
vn -0.038 0.997 -0.066
vn -0.013 0.997 -0.076
vn 0.013 0.997 -0.076
vn 0.038 0.997 -0.066
vn 0.059 0.997 -0.049
vn 0.072 0.997 -0.026
vn 0.077 0.997 -0.000
vn 0.072 0.997 0.026
vn 0.059 0.997 0.049
vn 0.038 0.997 0.066
vn 0.013 0.997 0.076
vn -0.013 0.997 0.076
vn -0.038 0.997 0.066
vn -0.059 0.997 0.049
vn -0.072 0.997 0.026
vn 0.633 -0.774 0.000
vn 0.512 -0.774 0.372
vn 0.809 -0.000 0.588
vn 0.196 -0.774 0.602
vn 0.309 -0.000 0.951
vn -0.196 -0.774 0.602
vn -0.309 -0.000 0.951
vn -0.512 -0.774 0.372
vn -0.809 -0.000 0.588
vn -0.633 -0.774 0.000
vn -0.512 -0.774 -0.372
vn -0.809 -0.000 -0.588
vn -0.196 -0.774 -0.602
vn -0.309 -0.000 -0.951
vn 0.196 -0.774 -0.602
vn 0.309 -0.000 -0.951
vn 0.512 -0.774 -0.372
vn 0.809 -0.000 -0.588
vn 0.596 0.676 0.433
vn 0.737 0.676 0.000
vn 0.228 0.676 0.701
vn -0.228 0.676 0.701
vn -0.596 0.676 0.433
vn -0.737 0.676 0.000
vn -0.596 0.676 -0.433
vn -0.228 0.676 -0.701
vn 0.228 0.676 -0.701
vn 0.596 0.676 -0.433
vn 0.000 0.822 0.569
vn 0.000 0.822 -0.569
vn 0.000 0.825 0.565
vn 0.000 0.825 -0.565
vn 0.565 0.825 0.000
vn -0.565 0.825 0.000
vn 0.000 -1.000 0.000
vn 0.445 -0.835 0.323
vn 0.550 -0.835 0.000
vn 0.170 -0.835 0.523
vn -0.170 -0.835 0.523
vn -0.445 -0.835 0.323
vn -0.550 -0.835 0.000
vn -0.445 -0.835 -0.323
vn -0.170 -0.835 -0.523
vn 0.170 -0.835 -0.523
vn 0.445 -0.835 -0.323
vn 0.790 -0.217 0.574
vn 0.976 -0.217 0.000
vn 0.302 -0.217 0.928
vn -0.302 -0.217 0.928
vn -0.790 -0.217 0.574
vn -0.976 -0.217 0.000
vn -0.790 -0.217 -0.574
vn -0.302 -0.217 -0.928
vn 0.302 -0.217 -0.928
vn 0.790 -0.217 -0.574
vn 0.789 0.220 0.573
vn 0.976 0.220 0.000
vn 0.301 0.220 0.928
vn -0.301 0.220 0.928
vn -0.789 0.220 0.573
vn -0.976 0.220 0.000
vn -0.789 0.220 -0.573
vn -0.301 0.220 -0.928
vn 0.301 0.220 -0.928
vn 0.789 0.220 -0.573
vn 0.377 0.885 0.274
vn 0.466 0.885 0.000
vn 0.144 0.885 0.443
vn -0.144 0.885 0.443
vn -0.377 0.885 0.274
vn -0.466 0.885 0.000
vn -0.377 0.885 -0.274
vn -0.144 0.885 -0.443
vn 0.144 0.885 -0.443
vn 0.377 0.885 -0.274
f 1/1/1 2/2/1 3/3/1
f 1/1/1 3/3/1 4/4/1
f 2/1/1 5/2/1 6/3/1
f 2/1/1 6/3/1 3/4/1
f 5/1/1 7/2/1 8/3/1
f 5/1/1 8/3/1 6/4/1
f 7/1/1 9/2/1 10/3/1
f 7/1/1 10/3/1 8/4/1
f 9/1/1 11/2/1 12/3/1
f 9/1/1 12/3/1 10/4/1
f 11/1/1 13/2/1 14/3/1
f 11/1/1 14/3/1 12/4/1
f 13/1/1 15/2/1 16/3/1
f 13/1/1 16/3/1 14/4/1
f 15/1/1 17/2/1 18/3/1
f 15/1/1 18/3/1 16/4/1
f 17/1/1 19/2/1 20/3/1
f 17/1/1 20/3/1 18/4/1
f 19/1/1 21/2/1 22/3/1
f 19/1/1 22/3/1 20/4/1
f 21/1/1 23/2/1 24/3/1
f 21/1/1 24/3/1 22/4/1
f 23/1/1 25/2/1 26/3/1
f 23/1/1 26/3/1 24/4/1
f 4/1/1 3/2/1 27/3/1
f 4/1/1 27/3/1 28/4/1
f 3/1/1 6/2/1 29/3/1
f 3/1/1 29/3/1 27/4/1
f 6/1/1 8/2/1 30/3/1
f 6/1/1 30/3/1 29/4/1
f 8/1/1 10/2/1 31/3/1
f 8/1/1 31/3/1 30/4/1
f 10/1/1 12/2/1 32/3/1
f 10/1/1 32/3/1 31/4/1
f 12/1/1 14/2/1 33/3/1
f 12/1/1 33/3/1 32/4/1
f 14/1/1 16/2/1 34/3/1
f 14/1/1 34/3/1 33/4/1
f 16/1/1 18/2/1 35/3/1
f 16/1/1 35/3/1 34/4/1
f 18/1/1 20/2/1 36/3/1
f 18/1/1 36/3/1 35/4/1
f 20/1/1 22/2/1 37/3/1
f 20/1/1 37/3/1 36/4/1
f 22/1/1 24/2/1 38/3/1
f 22/1/1 38/3/1 37/4/1
f 24/1/1 26/2/1 39/3/1
f 24/1/1 39/3/1 38/4/1
f 28/1/1 27/2/1 40/3/1
f 28/1/1 40/3/1 41/4/1
f 27/1/1 29/2/1 42/3/1
f 27/1/1 42/3/1 40/4/1
f 29/1/1 30/2/1 43/3/1
f 29/1/1 43/3/1 42/4/1
f 30/1/1 31/2/1 44/3/1
f 30/1/1 44/3/1 43/4/1
f 31/1/1 32/2/1 45/3/1
f 31/1/1 45/3/1 44/4/1
f 32/1/1 33/2/1 46/3/1
f 32/1/1 46/3/1 45/4/1
f 33/1/1 34/2/1 47/3/1
f 33/1/1 47/3/1 46/4/1
f 34/1/1 35/2/1 48/3/1
f 34/1/1 48/3/1 47/4/1
f 35/1/1 36/2/1 49/3/1
f 35/1/1 49/3/1 48/4/1
f 36/1/1 37/2/1 50/3/1
f 36/1/1 50/3/1 49/4/1
f 37/1/1 38/2/1 51/3/1
f 37/1/1 51/3/1 50/4/1
f 38/1/1 39/2/1 52/3/1
f 38/1/1 52/3/1 51/4/1
f 41/1/1 40/2/1 53/3/1
f 41/1/1 53/3/1 54/4/1
f 40/1/1 42/2/1 55/3/1
f 40/1/1 55/3/1 53/4/1
f 42/1/1 43/2/1 56/3/1
f 42/1/1 56/3/1 55/4/1
f 43/1/1 44/2/1 57/3/1
f 43/1/1 57/3/1 56/4/1
f 44/1/1 45/2/1 58/3/1
f 44/1/1 58/3/1 57/4/1
f 45/1/1 46/2/1 59/3/1
f 45/1/1 59/3/1 58/4/1
f 46/1/1 47/2/1 60/3/1
f 46/1/1 60/3/1 59/4/1
f 47/1/1 48/2/1 61/3/1
f 47/1/1 61/3/1 60/4/1
f 48/1/1 49/2/1 62/3/1
f 48/1/1 62/3/1 61/4/1
f 49/1/1 50/2/1 63/3/1
f 49/1/1 63/3/1 62/4/1
f 50/1/1 51/2/1 64/3/1
f 50/1/1 64/3/1 63/4/1
f 51/1/1 52/2/1 65/3/1
f 51/1/1 65/3/1 64/4/1
f 54/1/1 53/2/1 66/3/1
f 54/1/1 66/3/1 67/4/1
f 53/1/1 55/2/1 68/3/1
f 53/1/1 68/3/1 66/4/1
f 55/1/1 56/2/1 69/3/1
f 55/1/1 69/3/1 68/4/1
f 56/1/1 57/2/1 70/3/1
f 56/1/1 70/3/1 69/4/1
f 57/1/1 58/2/1 71/3/1
f 57/1/1 71/3/1 70/4/1
f 58/1/1 59/2/1 72/3/1
f 58/1/1 72/3/1 71/4/1
f 59/1/1 60/2/1 73/3/1
f 59/1/1 73/3/1 72/4/1
f 60/1/1 61/2/1 74/3/1
f 60/1/1 74/3/1 73/4/1
f 61/1/1 62/2/1 75/3/1
f 61/1/1 75/3/1 74/4/1
f 62/1/1 63/2/1 76/3/1
f 62/1/1 76/3/1 75/4/1
f 63/1/1 64/2/1 77/3/1
f 63/1/1 77/3/1 76/4/1
f 64/1/1 65/2/1 78/3/1
f 64/1/1 78/3/1 77/4/1
f 67/1/1 66/2/1 79/3/1
f 67/1/1 79/3/1 80/4/1
f 66/1/1 68/2/1 81/3/1
f 66/1/1 81/3/1 79/4/1
f 68/1/1 69/2/1 82/3/1
f 68/1/1 82/3/1 81/4/1
f 69/1/1 70/2/1 83/3/1
f 69/1/1 83/3/1 82/4/1
f 70/1/1 71/2/1 84/3/1
f 70/1/1 84/3/1 83/4/1
f 71/1/1 72/2/1 85/3/1
f 71/1/1 85/3/1 84/4/1
f 72/1/1 73/2/1 86/3/1
f 72/1/1 86/3/1 85/4/1
f 73/1/1 74/2/1 87/3/1
f 73/1/1 87/3/1 86/4/1
f 74/1/1 75/2/1 88/3/1
f 74/1/1 88/3/1 87/4/1
f 75/1/1 76/2/1 89/3/1
f 75/1/1 89/3/1 88/4/1
f 76/1/1 77/2/1 90/3/1
f 76/1/1 90/3/1 89/4/1
f 77/1/1 78/2/1 91/3/1
f 77/1/1 91/3/1 90/4/1
f 80/1/1 79/2/1 92/3/1
f 80/1/1 92/3/1 93/4/1
f 79/1/1 81/2/1 94/3/1
f 79/1/1 94/3/1 92/4/1
f 81/1/1 82/2/1 95/3/1
f 81/1/1 95/3/1 94/4/1
f 82/1/1 83/2/1 96/3/1
f 82/1/1 96/3/1 95/4/1
f 83/1/1 84/2/1 97/3/1
f 83/1/1 97/3/1 96/4/1
f 84/1/1 85/2/1 98/3/1
f 84/1/1 98/3/1 97/4/1
f 85/1/1 86/2/1 99/3/1
f 85/1/1 99/3/1 98/4/1
f 86/1/1 87/2/1 100/3/1
f 86/1/1 100/3/1 99/4/1
f 87/1/1 88/2/1 101/3/1
f 87/1/1 101/3/1 100/4/1
f 88/1/1 89/2/1 102/3/1
f 88/1/1 102/3/1 101/4/1
f 89/1/1 90/2/1 103/3/1
f 89/1/1 103/3/1 102/4/1
f 90/1/1 91/2/1 104/3/1
f 90/1/1 104/3/1 103/4/1
f 93/1/1 92/2/1 105/3/1
f 93/1/1 105/3/1 106/4/1
f 92/1/1 94/2/1 107/3/1
f 92/1/1 107/3/1 105/4/1
f 94/1/1 95/2/1 108/3/1
f 94/1/1 108/3/1 107/4/1
f 95/1/1 96/2/1 109/3/1
f 95/1/1 109/3/1 108/4/1
f 96/1/1 97/2/1 110/3/1
f 96/1/1 110/3/1 109/4/1
f 97/1/1 98/2/1 111/3/1
f 97/1/1 111/3/1 110/4/1
f 98/1/1 99/2/1 112/3/1
f 98/1/1 112/3/1 111/4/1
f 99/1/1 100/2/1 113/3/1
f 99/1/1 113/3/1 112/4/1
f 100/1/1 101/2/1 114/3/1
f 100/1/1 114/3/1 113/4/1
f 101/1/1 102/2/1 115/3/1
f 101/1/1 115/3/1 114/4/1
f 102/1/1 103/2/1 116/3/1
f 102/1/1 116/3/1 115/4/1
f 103/1/1 104/2/1 117/3/1
f 103/1/1 117/3/1 116/4/1
f 106/1/1 105/2/1 118/3/1
f 106/1/1 118/3/1 119/4/1
f 105/1/1 107/2/1 120/3/1
f 105/1/1 120/3/1 118/4/1
f 107/1/1 108/2/1 121/3/1
f 107/1/1 121/3/1 120/4/1
f 108/1/1 109/2/1 122/3/1
f 108/1/1 122/3/1 121/4/1
f 109/1/1 110/2/1 123/3/1
f 109/1/1 123/3/1 122/4/1
f 110/1/1 111/2/1 124/3/1
f 110/1/1 124/3/1 123/4/1
f 111/1/1 112/2/1 125/3/1
f 111/1/1 125/3/1 124/4/1
f 112/1/1 113/2/1 126/3/1
f 112/1/1 126/3/1 125/4/1
f 113/1/1 114/2/1 127/3/1
f 113/1/1 127/3/1 126/4/1
f 114/1/1 115/2/1 128/3/1
f 114/1/1 128/3/1 127/4/1
f 115/1/1 116/2/1 129/3/1
f 115/1/1 129/3/1 128/4/1
f 116/1/1 117/2/1 130/3/1
f 116/1/1 130/3/1 129/4/1
f 119/1/1 118/2/1 131/3/1
f 119/1/1 131/3/1 132/4/1
f 118/1/1 120/2/1 133/3/1
f 118/1/1 133/3/1 131/4/1
f 120/1/1 121/2/1 134/3/1
f 120/1/1 134/3/1 133/4/1
f 121/1/1 122/2/1 135/3/1
f 121/1/1 135/3/1 134/4/1
f 122/1/1 123/2/1 136/3/1
f 122/1/1 136/3/1 135/4/1
f 123/1/1 124/2/1 137/3/1
f 123/1/1 137/3/1 136/4/1
f 124/1/1 125/2/1 138/3/1
f 124/1/1 138/3/1 137/4/1
f 125/1/1 126/2/1 139/3/1
f 125/1/1 139/3/1 138/4/1
f 126/1/1 127/2/1 140/3/1
f 126/1/1 140/3/1 139/4/1
f 127/1/1 128/2/1 141/3/1
f 127/1/1 141/3/1 140/4/1
f 128/1/1 129/2/1 142/3/1
f 128/1/1 142/3/1 141/4/1
f 129/1/1 130/2/1 143/3/1
f 129/1/1 143/3/1 142/4/1
f 132/1/1 131/2/1 144/3/1
f 132/1/1 144/3/1 145/4/1
f 131/1/1 133/2/1 146/3/1
f 131/1/1 146/3/1 144/4/1
f 133/1/1 134/2/1 147/3/1
f 133/1/1 147/3/1 146/4/1
f 134/1/1 135/2/1 148/3/1
f 134/1/1 148/3/1 147/4/1
f 135/1/1 136/2/1 149/3/1
f 135/1/1 149/3/1 148/4/1
f 136/1/1 137/2/1 150/3/1
f 136/1/1 150/3/1 149/4/1
f 137/1/1 138/2/1 151/3/1
f 137/1/1 151/3/1 150/4/1
f 138/1/1 139/2/1 152/3/1
f 138/1/1 152/3/1 151/4/1
f 139/1/1 140/2/1 153/3/1
f 139/1/1 153/3/1 152/4/1
f 140/1/1 141/2/1 154/3/1
f 140/1/1 154/3/1 153/4/1
f 141/1/1 142/2/1 155/3/1
f 141/1/1 155/3/1 154/4/1
f 142/1/1 143/2/1 156/3/1
f 142/1/1 156/3/1 155/4/1
f 145/1/1 144/2/1 157/3/1
f 145/1/1 157/3/1 158/4/1
f 144/1/1 146/2/1 159/3/1
f 144/1/1 159/3/1 157/4/1
f 146/1/1 147/2/1 160/3/1
f 146/1/1 160/3/1 159/4/1
f 147/1/1 148/2/1 161/3/1
f 147/1/1 161/3/1 160/4/1
f 148/1/1 149/2/1 162/3/1
f 148/1/1 162/3/1 161/4/1
f 149/1/1 150/2/1 163/3/1
f 149/1/1 163/3/1 162/4/1
f 150/1/1 151/2/1 164/3/1
f 150/1/1 164/3/1 163/4/1
f 151/1/1 152/2/1 165/3/1
f 151/1/1 165/3/1 164/4/1
f 152/1/1 153/2/1 166/3/1
f 152/1/1 166/3/1 165/4/1
f 153/1/1 154/2/1 167/3/1
f 153/1/1 167/3/1 166/4/1
f 154/1/1 155/2/1 168/3/1
f 154/1/1 168/3/1 167/4/1
f 155/1/1 156/2/1 169/3/1
f 155/1/1 169/3/1 168/4/1
f 170/5/2 171/6/2 172/7/2
f 170/5/2 172/7/2 173/8/2
f 171/5/2 174/6/2 175/7/2
f 171/5/2 175/7/2 172/8/2
f 174/5/2 176/6/2 177/7/2
f 174/5/2 177/7/2 175/8/2
f 176/5/2 178/6/2 179/7/2
f 176/5/2 179/7/2 177/8/2
f 178/5/2 180/6/2 181/7/2
f 178/5/2 181/7/2 179/8/2
f 180/5/2 182/6/2 183/7/2
f 180/5/2 183/7/2 181/8/2
f 182/5/2 184/6/2 185/7/2
f 182/5/2 185/7/2 183/8/2
f 184/5/2 186/6/2 187/7/2
f 184/5/2 187/7/2 185/8/2
f 186/5/2 188/6/2 189/7/2
f 186/5/2 189/7/2 187/8/2
f 188/5/2 190/6/2 191/7/2
f 188/5/2 191/7/2 189/8/2
f 190/5/2 192/6/2 193/7/2
f 190/5/2 193/7/2 191/8/2
f 192/5/2 194/6/2 195/7/2
f 192/5/2 195/7/2 193/8/2
f 194/5/3 196/6/3 197/7/3
f 194/5/3 197/7/3 195/8/3
f 196/5/4 198/6/4 199/7/4
f 196/5/4 199/7/4 197/8/4
f 198/5/4 200/6/4 201/7/4
f 198/5/4 201/7/4 199/8/4
f 200/5/4 202/6/4 203/7/4
f 200/5/4 203/7/4 201/8/4
f 202/5/4 204/6/4 205/7/4
f 202/5/4 205/7/4 203/8/4
f 204/5/4 206/6/4 207/7/4
f 204/5/4 207/7/4 205/8/4
f 206/5/4 208/6/4 209/7/4
f 206/5/4 209/7/4 207/8/4
f 208/5/4 210/6/4 211/7/4
f 208/5/4 211/7/4 209/8/4
f 210/5/4 212/6/4 213/7/4
f 210/5/4 213/7/4 211/8/4
f 212/5/4 214/6/4 215/7/4
f 212/5/4 215/7/4 213/8/4
f 214/5/4 216/6/4 217/7/4
f 214/5/4 217/7/4 215/8/4
f 216/5/4 218/6/4 219/7/4
f 216/5/4 219/7/4 217/8/4
f 218/5/4 220/6/4 221/7/4
f 218/5/4 221/7/4 219/8/4
f 220/5/5 170/6/5 173/7/5
f 220/5/5 173/7/5 221/8/5
f 173/5/1 195/6/1 197/7/1
f 173/5/1 197/7/1 221/8/1
f 222/5/2 223/6/2 224/7/2
f 222/5/2 224/7/2 225/8/2
f 223/5/2 226/6/2 227/7/2
f 223/5/2 227/7/2 224/8/2
f 226/5/2 228/6/2 229/7/2
f 226/5/2 229/7/2 227/8/2
f 228/5/2 230/6/2 231/7/2
f 228/5/2 231/7/2 229/8/2
f 230/5/2 232/6/2 233/7/2
f 230/5/2 233/7/2 231/8/2
f 232/5/2 234/6/2 235/7/2
f 232/5/2 235/7/2 233/8/2
f 234/5/2 236/6/2 237/7/2
f 234/5/2 237/7/2 235/8/2
f 236/5/2 238/6/2 239/7/2
f 236/5/2 239/7/2 237/8/2
f 238/5/2 240/6/2 241/7/2
f 238/5/2 241/7/2 239/8/2
f 240/5/2 242/6/2 243/7/2
f 240/5/2 243/7/2 241/8/2
f 242/5/2 244/6/2 245/7/2
f 242/5/2 245/7/2 243/8/2
f 244/5/2 246/6/2 247/7/2
f 244/5/2 247/7/2 245/8/2
f 246/5/3 248/6/3 249/7/3
f 246/5/3 249/7/3 247/8/3
f 248/5/4 250/6/4 251/7/4
f 248/5/4 251/7/4 249/8/4
f 250/5/4 252/6/4 253/7/4
f 250/5/4 253/7/4 251/8/4
f 252/5/4 254/6/4 255/7/4
f 252/5/4 255/7/4 253/8/4
f 254/5/4 256/6/4 257/7/4
f 254/5/4 257/7/4 255/8/4
f 256/5/4 258/6/4 259/7/4
f 256/5/4 259/7/4 257/8/4
f 258/5/4 260/6/4 261/7/4
f 258/5/4 261/7/4 259/8/4
f 260/5/4 262/6/4 263/7/4
f 260/5/4 263/7/4 261/8/4
f 262/5/4 264/6/4 265/7/4
f 262/5/4 265/7/4 263/8/4
f 264/5/4 266/6/4 267/7/4
f 264/5/4 267/7/4 265/8/4
f 266/5/4 268/6/4 269/7/4
f 266/5/4 269/7/4 267/8/4
f 268/5/4 270/6/4 271/7/4
f 268/5/4 271/7/4 269/8/4
f 270/5/4 272/6/4 273/7/4
f 270/5/4 273/7/4 271/8/4
f 272/5/5 222/6/5 225/7/5
f 272/5/5 225/7/5 273/8/5
f 225/5/1 247/6/1 249/7/1
f 225/5/1 249/7/1 273/8/1
f 170/5/2 274/6/2 275/7/2
f 170/5/2 275/7/2 173/8/2
f 274/5/3 276/6/3 277/7/3
f 274/5/3 277/7/3 275/8/3
f 276/5/3 278/6/3 279/7/3
f 276/5/3 279/7/3 277/8/3
f 278/5/3 280/6/3 281/7/3
f 278/5/3 281/7/3 279/8/3
f 280/5/3 282/6/3 283/7/3
f 280/5/3 283/7/3 281/8/3
f 282/5/3 284/6/3 285/7/3
f 282/5/3 285/7/3 283/8/3
f 284/5/3 286/6/3 287/7/3
f 284/5/3 287/7/3 285/8/3
f 286/5/3 288/6/3 289/7/3
f 286/5/3 289/7/3 287/8/3
f 288/5/3 290/6/3 291/7/3
f 288/5/3 291/7/3 289/8/3
f 290/5/3 292/6/3 293/7/3
f 290/5/3 293/7/3 291/8/3
f 292/5/3 294/6/3 295/7/3
f 292/5/3 295/7/3 293/8/3
f 294/5/3 296/6/3 297/7/3
f 294/5/3 297/7/3 295/8/3
f 296/5/3 298/6/3 299/7/3
f 296/5/3 299/7/3 297/8/3
f 298/5/4 272/6/4 273/7/4
f 298/5/4 273/7/4 299/8/4
f 272/5/5 300/6/5 301/7/5
f 272/5/5 301/7/5 273/8/5
f 300/5/5 302/6/5 303/7/5
f 300/5/5 303/7/5 301/8/5
f 302/5/5 304/6/5 305/7/5
f 302/5/5 305/7/5 303/8/5
f 304/5/5 306/6/5 307/7/5
f 304/5/5 307/7/5 305/8/5
f 306/5/5 308/6/5 309/7/5
f 306/5/5 309/7/5 307/8/5
f 308/5/5 310/6/5 311/7/5
f 308/5/5 311/7/5 309/8/5
f 310/5/5 312/6/5 313/7/5
f 310/5/5 313/7/5 311/8/5
f 312/5/5 314/6/5 315/7/5
f 312/5/5 315/7/5 313/8/5
f 314/5/5 316/6/5 317/7/5
f 314/5/5 317/7/5 315/8/5
f 316/5/5 318/6/5 319/7/5
f 316/5/5 319/7/5 317/8/5
f 318/5/5 320/6/5 321/7/5
f 318/5/5 321/7/5 319/8/5
f 320/5/5 170/6/5 173/7/5
f 320/5/5 173/7/5 321/8/5
f 173/5/1 275/6/1 299/7/1
f 173/5/1 299/7/1 273/8/1
f 322/5/2 194/6/2 195/7/2
f 322/5/2 195/7/2 323/8/2
f 194/5/3 324/6/3 325/7/3
f 194/5/3 325/7/3 195/8/3
f 324/5/3 326/6/3 327/7/3
f 324/5/3 327/7/3 325/8/3
f 326/5/3 328/6/3 329/7/3
f 326/5/3 329/7/3 327/8/3
f 328/5/3 330/6/3 331/7/3
f 328/5/3 331/7/3 329/8/3
f 330/5/3 332/6/3 333/7/3
f 330/5/3 333/7/3 331/8/3
f 332/5/3 334/6/3 335/7/3
f 332/5/3 335/7/3 333/8/3
f 334/5/3 336/6/3 337/7/3
f 334/5/3 337/7/3 335/8/3
f 336/5/3 338/6/3 339/7/3
f 336/5/3 339/7/3 337/8/3
f 338/5/3 340/6/3 341/7/3
f 338/5/3 341/7/3 339/8/3
f 340/5/3 342/6/3 343/7/3
f 340/5/3 343/7/3 341/8/3
f 342/5/3 344/6/3 345/7/3
f 342/5/3 345/7/3 343/8/3
f 344/5/3 248/6/3 249/7/3
f 344/5/3 249/7/3 345/8/3
f 248/5/4 346/6/4 347/7/4
f 248/5/4 347/7/4 249/8/4
f 346/5/5 348/6/5 349/7/5
f 346/5/5 349/7/5 347/8/5
f 348/5/5 350/6/5 351/7/5
f 348/5/5 351/7/5 349/8/5
f 350/5/5 352/6/5 353/7/5
f 350/5/5 353/7/5 351/8/5
f 352/5/5 354/6/5 355/7/5
f 352/5/5 355/7/5 353/8/5
f 354/5/5 356/6/5 357/7/5
f 354/5/5 357/7/5 355/8/5
f 356/5/5 358/6/5 359/7/5
f 356/5/5 359/7/5 357/8/5
f 358/5/5 360/6/5 361/7/5
f 358/5/5 361/7/5 359/8/5
f 360/5/5 362/6/5 363/7/5
f 360/5/5 363/7/5 361/8/5
f 362/5/5 364/6/5 365/7/5
f 362/5/5 365/7/5 363/8/5
f 364/5/5 366/6/5 367/7/5
f 364/5/5 367/7/5 365/8/5
f 366/5/5 368/6/5 369/7/5
f 366/5/5 369/7/5 367/8/5
f 368/5/5 322/6/5 323/7/5
f 368/5/5 323/7/5 369/8/5
f 323/5/1 195/6/1 249/7/1
f 323/5/1 249/7/1 347/8/1
f 370/5/6 371/9/7 372/10/8
f 370/5/6 372/10/8 373/11/3
f 371/9/7 374/12/9 375/13/10
f 371/9/7 375/13/10 372/10/8
f 374/12/9 376/14/11 377/15/12
f 374/12/9 377/15/12 375/13/10
f 376/14/11 378/16/13 379/17/14
f 376/14/11 379/17/14 377/15/12
f 378/16/13 380/18/15 381/19/16
f 378/16/13 381/19/16 379/17/14
f 380/18/15 382/20/17 383/21/18
f 380/18/15 383/21/18 381/19/16
f 382/20/17 384/22/19 385/23/4
f 382/20/17 385/23/4 383/21/18
f 384/22/19 386/24/20 387/25/21
f 384/22/19 387/25/21 385/23/4
f 386/24/20 388/26/22 389/27/23
f 386/24/20 389/27/23 387/25/21
f 388/26/22 390/28/24 391/29/25
f 388/26/22 391/29/25 389/27/23
f 390/28/24 392/30/26 393/31/27
f 390/28/24 393/31/27 391/29/25
f 392/30/26 394/32/28 395/33/29
f 392/30/26 395/33/29 393/31/27
f 394/32/28 396/34/30 397/35/31
f 394/32/28 397/35/31 395/33/29
f 396/34/30 398/36/32 399/37/5
f 396/34/30 399/37/5 397/35/31
f 398/36/32 400/38/33 401/39/34
f 398/36/32 401/39/34 399/37/5
f 400/38/33 402/40/35 403/41/36
f 400/38/33 403/41/36 401/39/34
f 402/40/35 404/42/37 405/43/38
f 402/40/35 405/43/38 403/41/36
f 404/42/37 406/44/39 407/45/40
f 404/42/37 407/45/40 405/43/38
f 406/44/39 408/46/41 409/47/42
f 406/44/39 409/47/42 407/45/40
f 408/46/41 410/48/43 411/49/44
f 408/46/41 411/49/44 409/47/42
f 410/48/43 412/50/45 413/51/2
f 410/48/43 413/51/2 411/49/44
f 412/50/45 414/52/46 415/53/47
f 412/50/45 415/53/47 413/51/2
f 414/52/46 416/54/48 417/55/49
f 414/52/46 417/55/49 415/53/47
f 416/54/48 418/56/50 419/57/51
f 416/54/48 419/57/51 417/55/49
f 418/56/50 420/58/52 421/59/53
f 418/56/50 421/59/53 419/57/51
f 420/58/52 422/60/54 423/61/55
f 420/58/52 423/61/55 421/59/53
f 422/60/54 424/62/56 425/63/57
f 422/60/54 425/63/57 423/61/55
f 424/62/56 370/6/6 373/64/3
f 424/62/56 373/64/3 425/63/57
f 373/11/3 372/10/8 426/65/58
f 373/11/3 426/65/58 427/66/59
f 372/10/8 375/13/10 428/67/60
f 372/10/8 428/67/60 426/65/58
f 375/13/10 377/15/12 429/68/61
f 375/13/10 429/68/61 428/67/60
f 377/15/12 379/17/14 430/69/62
f 377/15/12 430/69/62 429/68/61
f 379/17/14 381/19/16 431/70/63
f 379/17/14 431/70/63 430/69/62
f 381/19/16 383/21/18 432/71/64
f 381/19/16 432/71/64 431/70/63
f 383/21/18 385/23/4 433/72/65
f 383/21/18 433/72/65 432/71/64
f 385/23/4 387/25/21 434/73/66
f 385/23/4 434/73/66 433/72/65
f 387/25/21 389/27/23 435/74/67
f 387/25/21 435/74/67 434/73/66
f 389/27/23 391/29/25 436/75/68
f 389/27/23 436/75/68 435/74/67
f 391/29/25 393/31/27 437/76/69
f 391/29/25 437/76/69 436/75/68
f 393/31/27 395/33/29 438/77/70
f 393/31/27 438/77/70 437/76/69
f 395/33/29 397/35/31 439/78/71
f 395/33/29 439/78/71 438/77/70
f 397/35/31 399/37/5 440/79/72
f 397/35/31 440/79/72 439/78/71
f 399/37/5 401/39/34 441/80/73
f 399/37/5 441/80/73 440/79/72
f 401/39/34 403/41/36 442/81/74
f 401/39/34 442/81/74 441/80/73
f 403/41/36 405/43/38 443/82/75
f 403/41/36 443/82/75 442/81/74
f 405/43/38 407/45/40 444/83/76
f 405/43/38 444/83/76 443/82/75
f 407/45/40 409/47/42 445/84/77
f 407/45/40 445/84/77 444/83/76
f 409/47/42 411/49/44 446/85/78
f 409/47/42 446/85/78 445/84/77
f 411/49/44 413/51/2 447/86/79
f 411/49/44 447/86/79 446/85/78
f 413/51/2 415/53/47 448/87/80
f 413/51/2 448/87/80 447/86/79
f 415/53/47 417/55/49 449/88/81
f 415/53/47 449/88/81 448/87/80
f 417/55/49 419/57/51 450/89/82
f 417/55/49 450/89/82 449/88/81
f 419/57/51 421/59/53 451/90/83
f 419/57/51 451/90/83 450/89/82
f 421/59/53 423/61/55 452/91/84
f 421/59/53 452/91/84 451/90/83
f 423/61/55 425/63/57 453/92/85
f 423/61/55 453/92/85 452/91/84
f 425/63/57 373/64/3 427/93/59
f 425/63/57 427/93/59 453/92/85
f 427/66/59 426/65/58 454/94/86
f 427/66/59 454/94/86 455/95/87
f 426/65/58 428/67/60 456/96/88
f 426/65/58 456/96/88 454/94/86
f 428/67/60 429/68/61 457/97/89
f 428/67/60 457/97/89 456/96/88
f 429/68/61 430/69/62 458/98/90
f 429/68/61 458/98/90 457/97/89
f 430/69/62 431/70/63 459/99/91
f 430/69/62 459/99/91 458/98/90
f 431/70/63 432/71/64 460/100/92
f 431/70/63 460/100/92 459/99/91
f 432/71/64 433/72/65 461/101/93
f 432/71/64 461/101/93 460/100/92
f 433/72/65 434/73/66 462/102/94
f 433/72/65 462/102/94 461/101/93
f 434/73/66 435/74/67 463/103/95
f 434/73/66 463/103/95 462/102/94
f 435/74/67 436/75/68 464/104/96
f 435/74/67 464/104/96 463/103/95
f 436/75/68 437/76/69 465/105/97
f 436/75/68 465/105/97 464/104/96
f 437/76/69 438/77/70 466/106/98
f 437/76/69 466/106/98 465/105/97
f 438/77/70 439/78/71 467/107/99
f 438/77/70 467/107/99 466/106/98
f 439/78/71 440/79/72 468/108/100
f 439/78/71 468/108/100 467/107/99
f 440/79/72 441/80/73 469/109/101
f 440/79/72 469/109/101 468/108/100
f 441/80/73 442/81/74 470/110/102
f 441/80/73 470/110/102 469/109/101
f 442/81/74 443/82/75 471/111/103
f 442/81/74 471/111/103 470/110/102
f 443/82/75 444/83/76 472/112/104
f 443/82/75 472/112/104 471/111/103
f 444/83/76 445/84/77 473/113/105
f 444/83/76 473/113/105 472/112/104
f 445/84/77 446/85/78 474/114/106
f 445/84/77 474/114/106 473/113/105
f 446/85/78 447/86/79 475/115/107
f 446/85/78 475/115/107 474/114/106
f 447/86/79 448/87/80 476/116/108
f 447/86/79 476/116/108 475/115/107
f 448/87/80 449/88/81 477/117/109
f 448/87/80 477/117/109 476/116/108
f 449/88/81 450/89/82 478/118/110
f 449/88/81 478/118/110 477/117/109
f 450/89/82 451/90/83 479/119/111
f 450/89/82 479/119/111 478/118/110
f 451/90/83 452/91/84 480/120/112
f 451/90/83 480/120/112 479/119/111
f 452/91/84 453/92/85 481/121/113
f 452/91/84 481/121/113 480/120/112
f 453/92/85 427/93/59 455/122/87
f 453/92/85 455/122/87 481/121/113
f 455/95/87 454/94/86 482/123/114
f 455/95/87 482/123/114 483/124/115
f 454/94/86 456/96/88 484/125/116
f 454/94/86 484/125/116 482/123/114
f 456/96/88 457/97/89 485/126/117
f 456/96/88 485/126/117 484/125/116
f 457/97/89 458/98/90 486/127/118
f 457/97/89 486/127/118 485/126/117
f 458/98/90 459/99/91 487/128/119
f 458/98/90 487/128/119 486/127/118
f 459/99/91 460/100/92 488/129/120
f 459/99/91 488/129/120 487/128/119
f 460/100/92 461/101/93 489/130/121
f 460/100/92 489/130/121 488/129/120
f 461/101/93 462/102/94 490/131/122
f 461/101/93 490/131/122 489/130/121
f 462/102/94 463/103/95 491/132/123
f 462/102/94 491/132/123 490/131/122
f 463/103/95 464/104/96 492/133/124
f 463/103/95 492/133/124 491/132/123
f 464/104/96 465/105/97 493/134/125
f 464/104/96 493/134/125 492/133/124
f 465/105/97 466/106/98 494/135/126
f 465/105/97 494/135/126 493/134/125
f 466/106/98 467/107/99 495/136/127
f 466/106/98 495/136/127 494/135/126
f 467/107/99 468/108/100 496/137/128
f 467/107/99 496/137/128 495/136/127
f 468/108/100 469/109/101 497/138/129
f 468/108/100 497/138/129 496/137/128
f 469/109/101 470/110/102 498/139/130
f 469/109/101 498/139/130 497/138/129
f 470/110/102 471/111/103 499/140/131
f 470/110/102 499/140/131 498/139/130
f 471/111/103 472/112/104 500/141/132
f 471/111/103 500/141/132 499/140/131
f 472/112/104 473/113/105 501/142/133
f 472/112/104 501/142/133 500/141/132
f 473/113/105 474/114/106 502/143/134
f 473/113/105 502/143/134 501/142/133
f 474/114/106 475/115/107 503/144/135
f 474/114/106 503/144/135 502/143/134
f 475/115/107 476/116/108 504/145/136
f 475/115/107 504/145/136 503/144/135
f 476/116/108 477/117/109 505/146/137
f 476/116/108 505/146/137 504/145/136
f 477/117/109 478/118/110 506/147/138
f 477/117/109 506/147/138 505/146/137
f 478/118/110 479/119/111 507/148/139
f 478/118/110 507/148/139 506/147/138
f 479/119/111 480/120/112 508/149/140
f 479/119/111 508/149/140 507/148/139
f 480/120/112 481/121/113 509/150/141
f 480/120/112 509/150/141 508/149/140
f 481/121/113 455/122/87 483/151/115
f 481/121/113 483/151/115 509/150/141
f 483/124/115 482/123/114 510/152/34
f 483/124/115 510/152/34 511/8/5
f 482/123/114 484/125/116 512/153/36
f 482/123/114 512/153/36 510/152/34
f 484/125/116 485/126/117 513/154/38
f 484/125/116 513/154/38 512/153/36
f 485/126/117 486/127/118 514/155/40
f 485/126/117 514/155/40 513/154/38
f 486/127/118 487/128/119 515/156/42
f 486/127/118 515/156/42 514/155/40
f 487/128/119 488/129/120 516/157/44
f 487/128/119 516/157/44 515/156/42
f 488/129/120 489/130/121 517/158/2
f 488/129/120 517/158/2 516/157/44
f 489/130/121 490/131/122 518/159/47
f 489/130/121 518/159/47 517/158/2
f 490/131/122 491/132/123 519/160/49
f 490/131/122 519/160/49 518/159/47
f 491/132/123 492/133/124 520/161/51
f 491/132/123 520/161/51 519/160/49
f 492/133/124 493/134/125 521/162/53
f 492/133/124 521/162/53 520/161/51
f 493/134/125 494/135/126 522/163/55
f 493/134/125 522/163/55 521/162/53
f 494/135/126 495/136/127 523/164/57
f 494/135/126 523/164/57 522/163/55
f 495/136/127 496/137/128 524/165/3
f 495/136/127 524/165/3 523/164/57
f 496/137/128 497/138/129 525/166/8
f 496/137/128 525/166/8 524/165/3
f 497/138/129 498/139/130 526/167/10
f 497/138/129 526/167/10 525/166/8
f 498/139/130 499/140/131 527/168/12
f 498/139/130 527/168/12 526/167/10
f 499/140/131 500/141/132 528/169/14
f 499/140/131 528/169/14 527/168/12
f 500/141/132 501/142/133 529/170/16
f 500/141/132 529/170/16 528/169/14
f 501/142/133 502/143/134 530/171/18
f 501/142/133 530/171/18 529/170/16
f 502/143/134 503/144/135 531/172/4
f 502/143/134 531/172/4 530/171/18
f 503/144/135 504/145/136 532/173/21
f 503/144/135 532/173/21 531/172/4
f 504/145/136 505/146/137 533/174/23
f 504/145/136 533/174/23 532/173/21
f 505/146/137 506/147/138 534/175/25
f 505/146/137 534/175/25 533/174/23
f 506/147/138 507/148/139 535/176/27
f 506/147/138 535/176/27 534/175/25
f 507/148/139 508/149/140 536/177/29
f 507/148/139 536/177/29 535/176/27
f 508/149/140 509/150/141 537/178/31
f 508/149/140 537/178/31 536/177/29
f 509/150/141 483/151/115 511/7/5
f 509/150/141 511/7/5 537/178/31
f 538/179/1 539/180/1 540/181/1
f 538/179/1 540/181/1 541/182/1
f 539/180/1 542/183/1 543/184/1
f 539/180/1 543/184/1 540/181/1
f 542/183/1 544/185/1 545/186/1
f 542/183/1 545/186/1 543/184/1
f 544/185/1 546/187/1 547/188/1
f 544/185/1 547/188/1 545/186/1
f 546/187/1 548/189/1 549/190/1
f 546/187/1 549/190/1 547/188/1
f 548/189/1 550/191/1 551/192/1
f 548/189/1 551/192/1 549/190/1
f 550/191/1 552/193/1 553/194/1
f 550/191/1 553/194/1 551/192/1
f 552/193/1 554/195/1 555/196/1
f 552/193/1 555/196/1 553/194/1
f 554/195/1 556/197/1 557/198/1
f 554/195/1 557/198/1 555/196/1
f 556/197/1 558/199/1 559/200/1
f 556/197/1 559/200/1 557/198/1
f 558/199/1 560/201/1 561/202/1
f 558/199/1 561/202/1 559/200/1
f 560/201/1 562/203/1 563/204/1
f 560/201/1 563/204/1 561/202/1
f 562/203/1 564/205/1 565/206/1
f 562/203/1 565/206/1 563/204/1
f 564/205/1 566/207/1 567/208/1
f 564/205/1 567/208/1 565/206/1
f 566/207/1 568/209/1 569/210/1
f 566/207/1 569/210/1 567/208/1
f 568/209/1 570/211/1 571/212/1
f 568/209/1 571/212/1 569/210/1
f 570/211/1 572/213/1 573/214/1
f 570/211/1 573/214/1 571/212/1
f 572/213/1 574/215/1 575/216/1
f 572/213/1 575/216/1 573/214/1
f 574/215/1 576/217/1 577/218/1
f 574/215/1 577/218/1 575/216/1
f 576/217/1 578/219/1 579/220/1
f 576/217/1 579/220/1 577/218/1
f 578/219/1 580/221/1 581/222/1
f 578/219/1 581/222/1 579/220/1
f 580/221/1 582/223/1 583/224/1
f 580/221/1 583/224/1 581/222/1
f 582/223/1 584/225/1 585/226/1
f 582/223/1 585/226/1 583/224/1
f 584/225/1 586/227/1 587/228/1
f 584/225/1 587/228/1 585/226/1
f 586/227/1 588/229/1 589/230/1
f 586/227/1 589/230/1 587/228/1
f 588/229/1 590/231/1 591/232/1
f 588/229/1 591/232/1 589/230/1
f 590/231/1 592/233/1 593/234/1
f 590/231/1 593/234/1 591/232/1
f 592/233/1 538/235/1 541/236/1
f 592/233/1 541/236/1 593/234/1
f 541/182/1 540/181/1 594/237/1
f 541/182/1 594/237/1 594/238/1
f 540/181/1 543/184/1 594/239/1
f 540/181/1 594/239/1 594/237/1
f 543/184/1 545/186/1 594/240/1
f 543/184/1 594/240/1 594/239/1
f 545/186/1 547/188/1 594/241/1
f 545/186/1 594/241/1 594/240/1
f 547/188/1 549/190/1 594/242/1
f 547/188/1 594/242/1 594/241/1
f 549/190/1 551/192/1 594/243/1
f 549/190/1 594/243/1 594/242/1
f 551/192/1 553/194/1 594/244/1
f 551/192/1 594/244/1 594/243/1
f 553/194/1 555/196/1 594/245/1
f 553/194/1 594/245/1 594/244/1
f 555/196/1 557/198/1 594/246/1
f 555/196/1 594/246/1 594/245/1
f 557/198/1 559/200/1 594/247/1
f 557/198/1 594/247/1 594/246/1
f 559/200/1 561/202/1 594/248/1
f 559/200/1 594/248/1 594/247/1
f 561/202/1 563/204/1 594/249/1
f 561/202/1 594/249/1 594/248/1
f 563/204/1 565/206/1 594/250/1
f 563/204/1 594/250/1 594/249/1
f 565/206/1 567/208/1 594/251/1
f 565/206/1 594/251/1 594/250/1
f 567/208/1 569/210/1 594/252/1
f 567/208/1 594/252/1 594/251/1
f 569/210/1 571/212/1 594/253/1
f 569/210/1 594/253/1 594/252/1
f 571/212/1 573/214/1 594/254/1
f 571/212/1 594/254/1 594/253/1
f 573/214/1 575/216/1 594/255/1
f 573/214/1 594/255/1 594/254/1
f 575/216/1 577/218/1 594/256/1
f 575/216/1 594/256/1 594/255/1
f 577/218/1 579/220/1 594/257/1
f 577/218/1 594/257/1 594/256/1
f 579/220/1 581/222/1 594/258/1
f 579/220/1 594/258/1 594/257/1
f 581/222/1 583/224/1 594/259/1
f 581/222/1 594/259/1 594/258/1
f 583/224/1 585/226/1 594/260/1
f 583/224/1 594/260/1 594/259/1
f 585/226/1 587/228/1 594/261/1
f 585/226/1 594/261/1 594/260/1
f 587/228/1 589/230/1 594/262/1
f 587/228/1 594/262/1 594/261/1
f 589/230/1 591/232/1 594/263/1
f 589/230/1 594/263/1 594/262/1
f 591/232/1 593/234/1 594/264/1
f 591/232/1 594/264/1 594/263/1
f 593/234/1 541/236/1 594/265/1
f 593/234/1 594/265/1 594/264/1
f 595/1/142 596/266/143 597/267/144
f 595/1/142 597/267/144 598/268/145
f 596/266/143 599/269/146 600/270/147
f 596/266/143 600/270/147 597/267/144
f 599/269/146 601/271/148 602/272/149
f 599/269/146 602/272/149 600/270/147
f 601/271/148 603/273/150 604/274/151
f 601/271/148 604/274/151 602/272/149
f 603/273/150 605/275/152 606/276/153
f 603/273/150 606/276/153 604/274/151
f 605/275/152 607/277/154 608/278/155
f 605/275/152 608/278/155 606/276/153
f 607/277/154 609/279/156 610/280/157
f 607/277/154 610/280/157 608/278/155
f 609/279/156 611/281/158 612/282/159
f 609/279/156 612/282/159 610/280/157
f 611/281/158 613/283/160 614/284/161
f 611/281/158 614/284/161 612/282/159
f 613/283/160 615/285/162 616/286/163
f 613/283/160 616/286/163 614/284/161
f 615/285/162 617/287/164 618/288/165
f 615/285/162 618/288/165 616/286/163
f 617/287/164 619/289/166 620/290/167
f 617/287/164 620/290/167 618/288/165
f 619/289/166 621/291/168 622/292/169
f 619/289/166 622/292/169 620/290/167
f 621/291/168 595/2/142 598/293/145
f 621/291/168 598/293/145 622/292/169
f 598/268/145 597/267/144 623/294/170
f 598/268/145 623/294/170 624/295/171
f 597/267/144 600/270/147 625/296/172
f 597/267/144 625/296/172 623/294/170
f 600/270/147 602/272/149 626/297/173
f 600/270/147 626/297/173 625/296/172
f 602/272/149 604/274/151 627/298/174
f 602/272/149 627/298/174 626/297/173
f 604/274/151 606/276/153 628/299/175
f 604/274/151 628/299/175 627/298/174
f 606/276/153 608/278/155 629/300/176
f 606/276/153 629/300/176 628/299/175
f 608/278/155 610/280/157 630/301/177
f 608/278/155 630/301/177 629/300/176
f 610/280/157 612/282/159 631/302/178
f 610/280/157 631/302/178 630/301/177
f 612/282/159 614/284/161 632/303/179
f 612/282/159 632/303/179 631/302/178
f 614/284/161 616/286/163 633/304/180
f 614/284/161 633/304/180 632/303/179
f 616/286/163 618/288/165 634/305/181
f 616/286/163 634/305/181 633/304/180
f 618/288/165 620/290/167 635/306/182
f 618/288/165 635/306/182 634/305/181
f 620/290/167 622/292/169 636/307/183
f 620/290/167 636/307/183 635/306/182
f 622/292/169 598/293/145 624/308/171
f 622/292/169 624/308/171 636/307/183
f 624/295/171 623/294/170 637/309/184
f 624/295/171 637/309/184 638/310/185
f 623/294/170 625/296/172 639/311/186
f 623/294/170 639/311/186 637/309/184
f 625/296/172 626/297/173 640/312/187
f 625/296/172 640/312/187 639/311/186
f 626/297/173 627/298/174 641/313/188
f 626/297/173 641/313/188 640/312/187
f 627/298/174 628/299/175 642/314/189
f 627/298/174 642/314/189 641/313/188
f 628/299/175 629/300/176 643/315/190
f 628/299/175 643/315/190 642/314/189
f 629/300/176 630/301/177 644/316/191
f 629/300/176 644/316/191 643/315/190
f 630/301/177 631/302/178 645/317/192
f 630/301/177 645/317/192 644/316/191
f 631/302/178 632/303/179 646/318/193
f 631/302/178 646/318/193 645/317/192
f 632/303/179 633/304/180 647/319/194
f 632/303/179 647/319/194 646/318/193
f 633/304/180 634/305/181 648/320/195
f 633/304/180 648/320/195 647/319/194
f 634/305/181 635/306/182 649/321/196
f 634/305/181 649/321/196 648/320/195
f 635/306/182 636/307/183 650/322/197
f 635/306/182 650/322/197 649/321/196
f 636/307/183 624/308/171 638/323/185
f 636/307/183 638/323/185 650/322/197
f 638/310/185 637/309/184 651/324/198
f 638/310/185 651/324/198 652/325/199
f 637/309/184 639/311/186 653/326/200
f 637/309/184 653/326/200 651/324/198
f 639/311/186 640/312/187 654/327/201
f 639/311/186 654/327/201 653/326/200
f 640/312/187 641/313/188 655/328/202
f 640/312/187 655/328/202 654/327/201
f 641/313/188 642/314/189 656/329/203
f 641/313/188 656/329/203 655/328/202
f 642/314/189 643/315/190 657/330/204
f 642/314/189 657/330/204 656/329/203
f 643/315/190 644/316/191 658/331/205
f 643/315/190 658/331/205 657/330/204
f 644/316/191 645/317/192 659/332/206
f 644/316/191 659/332/206 658/331/205
f 645/317/192 646/318/193 660/333/207
f 645/317/192 660/333/207 659/332/206
f 646/318/193 647/319/194 661/334/208
f 646/318/193 661/334/208 660/333/207
f 647/319/194 648/320/195 662/335/209
f 647/319/194 662/335/209 661/334/208
f 648/320/195 649/321/196 663/336/210
f 648/320/195 663/336/210 662/335/209
f 649/321/196 650/322/197 664/337/211
f 649/321/196 664/337/211 663/336/210
f 650/322/197 638/323/185 652/338/199
f 650/322/197 652/338/199 664/337/211
f 652/325/199 651/324/198 665/339/212
f 652/325/199 665/339/212 666/4/213
f 651/324/198 653/326/200 667/340/214
f 651/324/198 667/340/214 665/339/212
f 653/326/200 654/327/201 668/341/215
f 653/326/200 668/341/215 667/340/214
f 654/327/201 655/328/202 669/342/216
f 654/327/201 669/342/216 668/341/215
f 655/328/202 656/329/203 670/343/217
f 655/328/202 670/343/217 669/342/216
f 656/329/203 657/330/204 671/344/218
f 656/329/203 671/344/218 670/343/217
f 657/330/204 658/331/205 672/345/219
f 657/330/204 672/345/219 671/344/218
f 658/331/205 659/332/206 673/346/220
f 658/331/205 673/346/220 672/345/219
f 659/332/206 660/333/207 674/347/221
f 659/332/206 674/347/221 673/346/220
f 660/333/207 661/334/208 675/348/222
f 660/333/207 675/348/222 674/347/221
f 661/334/208 662/335/209 676/349/223
f 661/334/208 676/349/223 675/348/222
f 662/335/209 663/336/210 677/350/224
f 662/335/209 677/350/224 676/349/223
f 663/336/210 664/337/211 678/351/225
f 663/336/210 678/351/225 677/350/224
f 664/337/211 652/338/199 666/3/213
f 664/337/211 666/3/213 678/351/225
f 679/5/226 680/352/227 681/353/228
f 679/5/226 681/353/228 682/354/229
f 680/352/227 683/355/230 684/356/231
f 680/352/227 684/356/231 681/353/228
f 683/355/230 685/357/232 686/358/233
f 683/355/230 686/358/233 684/356/231
f 685/357/232 687/359/234 688/360/235
f 685/357/232 688/360/235 686/358/233
f 687/359/234 689/361/236 690/362/237
f 687/359/234 690/362/237 688/360/235
f 689/361/236 691/363/238 692/364/239
f 689/361/236 692/364/239 690/362/237
f 691/363/238 693/365/240 694/366/241
f 691/363/238 694/366/241 692/364/239
f 693/365/240 695/367/242 696/368/243
f 693/365/240 696/368/243 694/366/241
f 695/367/242 697/36/244 698/369/245
f 695/367/242 698/369/245 696/368/243
f 697/36/244 699/370/246 700/371/247
f 697/36/244 700/371/247 698/369/245
f 699/370/246 701/372/248 702/373/249
f 699/370/246 702/373/249 700/371/247
f 701/372/248 703/374/250 704/375/251
f 701/372/248 704/375/251 702/373/249
f 703/374/250 705/376/252 706/377/253
f 703/374/250 706/377/253 704/375/251
f 705/376/252 707/378/254 708/379/255
f 705/376/252 708/379/255 706/377/253
f 707/378/254 709/380/256 710/381/257
f 707/378/254 710/381/257 708/379/255
f 709/380/256 711/382/258 712/383/259
f 709/380/256 712/383/259 710/381/257
f 711/382/258 713/384/260 714/385/261
f 711/382/258 714/385/261 712/383/259
f 713/384/260 679/6/226 682/386/229
f 713/384/260 682/386/229 714/385/261
f 682/354/229 681/353/228 715/387/262
f 682/354/229 715/387/262 716/8/263
f 681/353/228 684/356/231 717/388/264
f 681/353/228 717/388/264 715/387/262
f 684/356/231 686/358/233 718/389/265
f 684/356/231 718/389/265 717/388/264
f 686/358/233 688/360/235 719/390/266
f 686/358/233 719/390/266 718/389/265
f 688/360/235 690/362/237 720/391/267
f 688/360/235 720/391/267 719/390/266
f 690/362/237 692/364/239 721/392/268
f 690/362/237 721/392/268 720/391/267
f 692/364/239 694/366/241 722/393/269
f 692/364/239 722/393/269 721/392/268
f 694/366/241 696/368/243 723/394/270
f 694/366/241 723/394/270 722/393/269
f 696/368/243 698/369/245 724/165/271
f 696/368/243 724/165/271 723/394/270
f 698/369/245 700/371/247 725/395/272
f 698/369/245 725/395/272 724/165/271
f 700/371/247 702/373/249 726/396/273
f 700/371/247 726/396/273 725/395/272
f 702/373/249 704/375/251 727/397/274
f 702/373/249 727/397/274 726/396/273
f 704/375/251 706/377/253 728/398/275
f 704/375/251 728/398/275 727/397/274
f 706/377/253 708/379/255 729/399/276
f 706/377/253 729/399/276 728/398/275
f 708/379/255 710/381/257 730/400/277
f 708/379/255 730/400/277 729/399/276
f 710/381/257 712/383/259 731/401/278
f 710/381/257 731/401/278 730/400/277
f 712/383/259 714/385/261 732/402/279
f 712/383/259 732/402/279 731/401/278
f 714/385/261 682/386/229 716/7/263
f 714/385/261 716/7/263 732/402/279
f 733/179/280 733/403/281 734/404/282
f 733/179/280 734/404/282 735/182/3
f 733/403/281 733/405/283 736/406/284
f 733/403/281 736/406/284 734/404/282
f 733/405/283 733/407/285 737/408/286
f 733/405/283 737/408/286 736/406/284
f 733/407/285 733/409/287 738/410/288
f 733/407/285 738/410/288 737/408/286
f 733/409/287 733/207/289 739/208/5
f 733/409/287 739/208/5 738/410/288
f 733/207/289 733/411/290 740/412/291
f 733/207/289 740/412/291 739/208/5
f 733/411/290 733/413/292 741/414/293
f 733/411/290 741/414/293 740/412/291
f 733/413/292 733/415/294 742/416/295
f 733/413/292 742/416/295 741/414/293
f 733/415/294 733/417/296 743/418/297
f 733/415/294 743/418/297 742/416/295
f 733/417/296 733/235/280 735/236/3
f 733/417/296 735/236/3 743/418/297
f 735/182/3 734/404/282 744/419/298
f 735/182/3 744/419/298 744/238/299
f 734/404/282 736/406/284 744/420/300
f 734/404/282 744/420/300 744/419/298
f 736/406/284 737/408/286 744/421/301
f 736/406/284 744/421/301 744/420/300
f 737/408/286 738/410/288 744/422/302
f 737/408/286 744/422/302 744/421/301
f 738/410/288 739/208/5 744/251/303
f 738/410/288 744/251/303 744/422/302
f 739/208/5 740/412/291 744/423/304
f 739/208/5 744/423/304 744/251/303
f 740/412/291 741/414/293 744/424/305
f 740/412/291 744/424/305 744/423/304
f 741/414/293 742/416/295 744/425/306
f 741/414/293 744/425/306 744/424/305
f 742/416/295 743/418/297 744/426/307
f 742/416/295 744/426/307 744/425/306
f 743/418/297 735/236/3 744/265/299
f 743/418/297 744/265/299 744/426/307
f 745/427/2 746/428/2 747/429/2
f 745/427/2 747/429/2 748/430/2
f 746/427/2 749/428/2 750/429/2
f 746/427/2 750/429/2 747/430/2
f 749/427/2 751/428/2 752/429/2
f 749/427/2 752/429/2 750/430/2
f 751/427/2 753/428/2 754/429/2
f 751/427/2 754/429/2 752/430/2
f 748/427/2 747/428/2 755/429/2
f 748/427/2 755/429/2 756/430/2
f 747/427/2 750/428/2 757/429/2
f 747/427/2 757/429/2 755/430/2
f 750/427/2 752/428/2 758/429/2
f 750/427/2 758/429/2 757/430/2
f 752/427/2 754/428/2 759/429/2
f 752/427/2 759/429/2 758/430/2
f 760/5/2 761/6/2 762/7/2
f 760/5/2 762/7/2 763/8/2
f 764/431/2 765/432/2 766/433/2
f 764/431/2 766/433/2 767/434/2
f 753/427/3 768/428/3 769/429/3
f 753/427/3 769/429/3 754/430/3
f 768/427/3 770/428/3 771/429/3
f 768/427/3 771/429/3 769/430/3
f 770/427/3 772/428/3 773/429/3
f 770/427/3 773/429/3 771/430/3
f 754/427/3 769/428/3 774/429/3
f 754/427/3 774/429/3 759/430/3
f 769/427/3 771/428/3 775/429/3
f 769/427/3 775/429/3 774/430/3
f 771/427/3 773/428/3 776/429/3
f 771/427/3 776/429/3 775/430/3
f 777/5/3 778/6/3 779/7/3
f 777/5/3 779/7/3 780/8/3
f 781/431/3 782/432/3 783/433/3
f 781/431/3 783/433/3 784/434/3
f 772/427/4 785/428/4 786/429/4
f 772/427/4 786/429/4 773/430/4
f 785/427/4 787/428/4 788/429/4
f 785/427/4 788/429/4 786/430/4
f 787/427/4 789/428/4 790/429/4
f 787/427/4 790/429/4 788/430/4
f 789/427/4 791/428/4 792/429/4
f 789/427/4 792/429/4 790/430/4
f 773/427/4 786/428/4 793/429/4
f 773/427/4 793/429/4 776/430/4
f 786/427/4 788/428/4 794/429/4
f 786/427/4 794/429/4 793/430/4
f 788/427/4 790/428/4 795/429/4
f 788/427/4 795/429/4 794/430/4
f 790/427/4 792/428/4 796/429/4
f 790/427/4 796/429/4 795/430/4
f 797/5/4 798/6/4 799/7/4
f 797/5/4 799/7/4 800/8/4
f 801/435/4 802/436/4 803/437/4
f 801/435/4 803/437/4 804/438/4
f 805/431/4 806/432/4 807/433/4
f 805/431/4 807/433/4 808/434/4
f 809/431/4 810/432/4 811/433/4
f 809/431/4 811/433/4 812/434/4
f 791/427/5 813/428/5 814/429/5
f 791/427/5 814/429/5 792/430/5
f 813/427/5 815/428/5 816/429/5
f 813/427/5 816/429/5 814/430/5
f 815/427/5 745/428/5 748/429/5
f 815/427/5 748/429/5 816/430/5
f 792/427/5 814/428/5 817/429/5
f 792/427/5 817/429/5 796/430/5
f 814/427/5 816/428/5 818/429/5
f 814/427/5 818/429/5 817/430/5
f 816/427/5 748/428/5 756/429/5
f 816/427/5 756/429/5 818/430/5
f 819/5/5 820/6/5 821/7/5
f 819/5/5 821/7/5 822/8/5
f 823/431/5 824/432/5 825/433/5
f 823/431/5 825/433/5 826/434/5
f 827/439/308 828/440/308 829/441/308
f 827/439/308 829/441/308 830/442/308
f 828/439/308 831/440/308 832/441/308
f 828/439/308 832/441/308 829/442/308
f 831/439/308 833/440/308 834/441/308
f 831/439/308 834/441/308 832/442/308
f 833/439/308 835/440/308 836/441/308
f 833/439/308 836/441/308 834/442/308
f 830/439/308 829/440/308 837/441/308
f 830/439/308 837/441/308 838/442/308
f 829/439/308 832/440/308 839/441/308
f 829/439/308 839/441/308 837/442/308
f 832/439/308 834/440/308 840/441/308
f 832/439/308 840/441/308 839/442/308
f 834/439/308 836/440/308 841/441/308
f 834/439/308 841/441/308 840/442/308
f 842/439/309 843/440/309 844/441/309
f 842/439/309 844/441/309 845/442/309
f 843/439/309 846/440/309 847/441/309
f 843/439/309 847/441/309 844/442/309
f 846/439/309 848/440/309 849/441/309
f 846/439/309 849/441/309 847/442/309
f 848/439/309 850/440/309 851/441/309
f 848/439/309 851/441/309 849/442/309
f 845/439/309 844/440/309 837/441/309
f 845/439/309 837/441/309 838/442/309
f 844/439/309 847/440/309 839/441/309
f 844/439/309 839/441/309 837/442/309
f 847/439/309 849/440/309 840/441/309
f 847/439/309 840/441/309 839/442/309
f 849/439/309 851/440/309 841/441/309
f 849/439/309 841/441/309 840/442/309
f 759/427/3 776/428/3 852/443/3
f 756/427/5 796/428/5 853/443/5
f 854/1/2 855/2/2 856/3/2
f 854/1/2 856/3/2 857/4/2
f 855/1/3 858/2/3 859/3/3
f 855/1/3 859/3/3 856/4/3
f 858/1/4 860/2/4 861/3/4
f 858/1/4 861/3/4 859/4/4
f 860/1/5 854/2/5 857/3/5
f 860/1/5 857/3/5 861/4/5
f 857/1/1 856/2/1 859/3/1
f 857/1/1 859/3/1 861/4/1
f 862/5/2 863/6/2 864/7/2
f 862/5/2 864/7/2 865/8/2
f 863/5/3 866/6/3 867/7/3
f 863/5/3 867/7/3 864/8/3
f 866/5/4 868/6/4 869/7/4
f 866/5/4 869/7/4 867/8/4
f 868/5/5 862/6/5 865/7/5
f 868/5/5 865/7/5 869/8/5
f 865/5/1 864/6/1 867/7/1
f 865/5/1 867/7/1 869/8/1
f 870/444/2 871/445/2 872/446/2
f 870/444/2 872/446/2 873/447/2
f 871/444/2 874/445/2 875/446/2
f 871/444/2 875/446/2 872/447/2
f 874/444/2 876/445/2 877/446/2
f 874/444/2 877/446/2 875/447/2
f 873/444/2 872/445/2 878/446/2
f 873/444/2 878/446/2 879/447/2
f 872/444/2 875/445/2 880/446/2
f 872/444/2 880/446/2 878/447/2
f 875/444/2 877/445/2 881/446/2
f 875/444/2 881/446/2 880/447/2
f 879/444/2 878/445/2 882/446/2
f 879/444/2 882/446/2 883/447/2
f 878/444/2 880/445/2 884/446/2
f 878/444/2 884/446/2 882/447/2
f 880/444/2 881/445/2 885/446/2
f 880/444/2 885/446/2 884/447/2
f 886/5/2 887/6/2 888/7/2
f 886/5/2 888/7/2 889/8/2
f 890/431/2 891/432/2 892/433/2
f 890/431/2 892/433/2 893/434/2
f 876/444/3 894/445/3 895/446/3
f 876/444/3 895/446/3 877/447/3
f 894/444/3 896/445/3 897/446/3
f 894/444/3 897/446/3 895/447/3
f 896/444/3 898/445/3 899/446/3
f 896/444/3 899/446/3 897/447/3
f 877/444/3 895/445/3 900/446/3
f 877/444/3 900/446/3 881/447/3
f 895/444/3 897/445/3 901/446/3
f 895/444/3 901/446/3 900/447/3
f 897/444/3 899/445/3 902/446/3
f 897/444/3 902/446/3 901/447/3
f 881/444/3 900/445/3 903/446/3
f 881/444/3 903/446/3 885/447/3
f 900/444/3 901/445/3 904/446/3
f 900/444/3 904/446/3 903/447/3
f 901/444/3 902/445/3 905/446/3
f 901/444/3 905/446/3 904/447/3
f 906/5/3 907/6/3 908/7/3
f 906/5/3 908/7/3 909/8/3
f 910/431/3 911/432/3 912/433/3
f 910/431/3 912/433/3 913/434/3
f 898/444/4 914/445/4 915/446/4
f 898/444/4 915/446/4 899/447/4
f 914/444/4 916/445/4 917/446/4
f 914/444/4 917/446/4 915/447/4
f 916/444/4 918/445/4 919/446/4
f 916/444/4 919/446/4 917/447/4
f 899/444/4 915/445/4 920/446/4
f 899/444/4 920/446/4 902/447/4
f 915/444/4 917/445/4 921/446/4
f 915/444/4 921/446/4 920/447/4
f 917/444/4 919/445/4 922/446/4
f 917/444/4 922/446/4 921/447/4
f 902/444/4 920/445/4 923/446/4
f 902/444/4 923/446/4 905/447/4
f 920/444/4 921/445/4 924/446/4
f 920/444/4 924/446/4 923/447/4
f 921/444/4 922/445/4 925/446/4
f 921/444/4 925/446/4 924/447/4
f 926/5/4 927/6/4 928/7/4
f 926/5/4 928/7/4 929/8/4
f 930/435/4 931/436/4 932/437/4
f 930/435/4 932/437/4 933/438/4
f 934/431/4 935/432/4 936/433/4
f 934/431/4 936/433/4 937/434/4
f 938/431/4 939/432/4 940/433/4
f 938/431/4 940/433/4 941/434/4
f 918/444/5 942/445/5 943/446/5
f 918/444/5 943/446/5 919/447/5
f 942/444/5 944/445/5 945/446/5
f 942/444/5 945/446/5 943/447/5
f 944/444/5 870/445/5 873/446/5
f 944/444/5 873/446/5 945/447/5
f 919/444/5 943/445/5 946/446/5
f 919/444/5 946/446/5 922/447/5
f 943/444/5 945/445/5 947/446/5
f 943/444/5 947/446/5 946/447/5
f 945/444/5 873/445/5 879/446/5
f 945/444/5 879/446/5 947/447/5
f 922/444/5 946/445/5 948/446/5
f 922/444/5 948/446/5 925/447/5
f 946/444/5 947/445/5 949/446/5
f 946/444/5 949/446/5 948/447/5
f 947/444/5 879/445/5 883/446/5
f 947/444/5 883/446/5 949/447/5
f 950/5/5 951/6/5 952/7/5
f 950/5/5 952/7/5 953/8/5
f 954/431/5 955/432/5 956/433/5
f 954/431/5 956/433/5 957/434/5
f 958/439/310 959/440/310 960/441/310
f 958/439/310 960/441/310 961/442/310
f 959/439/310 962/440/310 963/441/310
f 959/439/310 963/441/310 960/442/310
f 962/439/310 964/440/310 965/441/310
f 962/439/310 965/441/310 963/442/310
f 964/439/310 966/440/310 967/441/310
f 964/439/310 967/441/310 965/442/310
f 961/439/310 960/440/310 968/441/310
f 961/439/310 968/441/310 969/442/310
f 960/439/310 963/440/310 970/441/310
f 960/439/310 970/441/310 968/442/310
f 963/439/310 965/440/310 971/441/310
f 963/439/310 971/441/310 970/442/310
f 965/439/310 967/440/310 972/441/310
f 965/439/310 972/441/310 971/442/310
f 973/439/311 974/440/311 975/441/311
f 973/439/311 975/441/311 976/442/311
f 974/439/311 977/440/311 978/441/311
f 974/439/311 978/441/311 975/442/311
f 977/439/311 979/440/311 980/441/311
f 977/439/311 980/441/311 978/442/311
f 979/439/311 981/440/311 982/441/311
f 979/439/311 982/441/311 980/442/311
f 976/439/311 975/440/311 968/441/311
f 976/439/311 968/441/311 969/442/311
f 975/439/311 978/440/311 970/441/311
f 975/439/311 970/441/311 968/442/311
f 978/439/311 980/440/311 971/441/311
f 978/439/311 971/441/311 970/442/311
f 980/439/311 982/440/311 972/441/311
f 980/439/311 972/441/311 971/442/311
f 885/444/3 905/445/3 983/448/3
f 883/444/5 925/445/5 984/448/5
f 985/1/2 986/2/2 987/3/2
f 985/1/2 987/3/2 988/4/2
f 986/1/3 989/2/3 990/3/3
f 986/1/3 990/3/3 987/4/3
f 989/1/4 991/2/4 992/3/4
f 989/1/4 992/3/4 990/4/4
f 991/1/5 985/2/5 988/3/5
f 991/1/5 988/3/5 992/4/5
f 988/1/1 987/2/1 990/3/1
f 988/1/1 990/3/1 992/4/1
f 993/5/2 994/6/2 995/7/2
f 993/5/2 995/7/2 996/8/2
f 994/5/3 997/6/3 998/7/3
f 994/5/3 998/7/3 995/8/3
f 997/5/4 999/6/4 1000/7/4
f 997/5/4 1000/7/4 998/8/4
f 999/5/5 993/6/5 996/7/5
f 999/5/5 996/7/5 1000/8/5
f 996/5/1 995/6/1 998/7/1
f 996/5/1 998/7/1 1000/8/1
f 1001/427/2 1002/428/2 1003/429/2
f 1001/427/2 1003/429/2 1004/430/2
f 1002/427/2 1005/428/2 1006/429/2
f 1002/427/2 1006/429/2 1003/430/2
f 1005/427/2 1007/428/2 1008/429/2
f 1005/427/2 1008/429/2 1006/430/2
f 1007/427/2 1009/428/2 1010/429/2
f 1007/427/2 1010/429/2 1008/430/2
f 1009/427/2 1011/428/2 1012/429/2
f 1009/427/2 1012/429/2 1010/430/2
f 1004/427/2 1003/428/2 1013/429/2
f 1004/427/2 1013/429/2 1014/430/2
f 1003/427/2 1006/428/2 1015/429/2
f 1003/427/2 1015/429/2 1013/430/2
f 1006/427/2 1008/428/2 1016/429/2
f 1006/427/2 1016/429/2 1015/430/2
f 1008/427/2 1010/428/2 1017/429/2
f 1008/427/2 1017/429/2 1016/430/2
f 1010/427/2 1012/428/2 1018/429/2
f 1010/427/2 1018/429/2 1017/430/2
f 1019/5/2 1020/6/2 1021/7/2
f 1019/5/2 1021/7/2 1022/8/2
f 1023/431/2 1024/432/2 1025/433/2
f 1023/431/2 1025/433/2 1026/434/2
f 1011/427/3 1027/428/3 1028/429/3
f 1011/427/3 1028/429/3 1012/430/3
f 1027/427/3 1029/428/3 1030/429/3
f 1027/427/3 1030/429/3 1028/430/3
f 1029/427/3 1031/428/3 1032/429/3
f 1029/427/3 1032/429/3 1030/430/3
f 1012/427/3 1028/428/3 1033/429/3
f 1012/427/3 1033/429/3 1018/430/3
f 1028/427/3 1030/428/3 1034/429/3
f 1028/427/3 1034/429/3 1033/430/3
f 1030/427/3 1032/428/3 1035/429/3
f 1030/427/3 1035/429/3 1034/430/3
f 1036/5/3 1037/6/3 1038/7/3
f 1036/5/3 1038/7/3 1039/8/3
f 1040/431/3 1041/432/3 1042/433/3
f 1040/431/3 1042/433/3 1043/434/3
f 1031/427/4 1044/428/4 1045/429/4
f 1031/427/4 1045/429/4 1032/430/4
f 1044/427/4 1046/428/4 1047/429/4
f 1044/427/4 1047/429/4 1045/430/4
f 1046/427/4 1048/428/4 1049/429/4
f 1046/427/4 1049/429/4 1047/430/4
f 1048/427/4 1050/428/4 1051/429/4
f 1048/427/4 1051/429/4 1049/430/4
f 1050/427/4 1052/428/4 1053/429/4
f 1050/427/4 1053/429/4 1051/430/4
f 1032/427/4 1045/428/4 1054/429/4
f 1032/427/4 1054/429/4 1035/430/4
f 1045/427/4 1047/428/4 1055/429/4
f 1045/427/4 1055/429/4 1054/430/4
f 1047/427/4 1049/428/4 1056/429/4
f 1047/427/4 1056/429/4 1055/430/4
f 1049/427/4 1051/428/4 1057/429/4
f 1049/427/4 1057/429/4 1056/430/4
f 1051/427/4 1053/428/4 1058/429/4
f 1051/427/4 1058/429/4 1057/430/4
f 1059/5/4 1060/6/4 1061/7/4
f 1059/5/4 1061/7/4 1062/8/4
f 1063/435/4 1064/436/4 1065/437/4
f 1063/435/4 1065/437/4 1066/438/4
f 1067/431/4 1068/432/4 1069/433/4
f 1067/431/4 1069/433/4 1070/434/4
f 1071/431/4 1072/432/4 1073/433/4
f 1071/431/4 1073/433/4 1074/434/4
f 1052/427/5 1075/428/5 1076/429/5
f 1052/427/5 1076/429/5 1053/430/5
f 1075/427/5 1077/428/5 1078/429/5
f 1075/427/5 1078/429/5 1076/430/5
f 1077/427/5 1001/428/5 1004/429/5
f 1077/427/5 1004/429/5 1078/430/5
f 1053/427/5 1076/428/5 1079/429/5
f 1053/427/5 1079/429/5 1058/430/5
f 1076/427/5 1078/428/5 1080/429/5
f 1076/427/5 1080/429/5 1079/430/5
f 1078/427/5 1004/428/5 1014/429/5
f 1078/427/5 1014/429/5 1080/430/5
f 1081/5/5 1082/6/5 1083/7/5
f 1081/5/5 1083/7/5 1084/8/5
f 1085/431/5 1086/432/5 1087/433/5
f 1085/431/5 1087/433/5 1088/434/5
f 1089/439/308 1090/440/308 1091/441/308
f 1089/439/308 1091/441/308 1092/442/308
f 1090/439/308 1093/440/308 1094/441/308
f 1090/439/308 1094/441/308 1091/442/308
f 1093/439/308 1095/440/308 1096/441/308
f 1093/439/308 1096/441/308 1094/442/308
f 1095/439/308 1097/440/308 1098/441/308
f 1095/439/308 1098/441/308 1096/442/308
f 1097/439/308 1099/440/308 1100/441/308
f 1097/439/308 1100/441/308 1098/442/308
f 1092/439/308 1091/440/308 1101/441/308
f 1092/439/308 1101/441/308 1102/442/308
f 1091/439/308 1094/440/308 1103/441/308
f 1091/439/308 1103/441/308 1101/442/308
f 1094/439/308 1096/440/308 1104/441/308
f 1094/439/308 1104/441/308 1103/442/308
f 1096/439/308 1098/440/308 1105/441/308
f 1096/439/308 1105/441/308 1104/442/308
f 1098/439/308 1100/440/308 1106/441/308
f 1098/439/308 1106/441/308 1105/442/308
f 1107/439/309 1108/440/309 1109/441/309
f 1107/439/309 1109/441/309 1110/442/309
f 1108/439/309 1111/440/309 1112/441/309
f 1108/439/309 1112/441/309 1109/442/309
f 1111/439/309 1113/440/309 1114/441/309
f 1111/439/309 1114/441/309 1112/442/309
f 1113/439/309 1115/440/309 1116/441/309
f 1113/439/309 1116/441/309 1114/442/309
f 1115/439/309 1117/440/309 1118/441/309
f 1115/439/309 1118/441/309 1116/442/309
f 1110/439/309 1109/440/309 1101/441/309
f 1110/439/309 1101/441/309 1102/442/309
f 1109/439/309 1112/440/309 1103/441/309
f 1109/439/309 1103/441/309 1101/442/309
f 1112/439/309 1114/440/309 1104/441/309
f 1112/439/309 1104/441/309 1103/442/309
f 1114/439/309 1116/440/309 1105/441/309
f 1114/439/309 1105/441/309 1104/442/309
f 1116/439/309 1118/440/309 1106/441/309
f 1116/439/309 1106/441/309 1105/442/309
f 1018/427/3 1035/428/3 1119/443/3
f 1014/427/5 1058/428/5 1120/443/5
f 1121/1/2 1122/2/2 1123/3/2
f 1121/1/2 1123/3/2 1124/4/2
f 1122/1/3 1125/2/3 1126/3/3
f 1122/1/3 1126/3/3 1123/4/3
f 1125/1/4 1127/2/4 1128/3/4
f 1125/1/4 1128/3/4 1126/4/4
f 1127/1/5 1121/2/5 1124/3/5
f 1127/1/5 1124/3/5 1128/4/5
f 1124/1/1 1123/2/1 1126/3/1
f 1124/1/1 1126/3/1 1128/4/1
f 1129/5/2 1130/6/2 1131/7/2
f 1129/5/2 1131/7/2 1132/8/2
f 1130/5/3 1133/6/3 1134/7/3
f 1130/5/3 1134/7/3 1131/8/3
f 1133/5/4 1135/6/4 1136/7/4
f 1133/5/4 1136/7/4 1134/8/4
f 1135/5/5 1129/6/5 1132/7/5
f 1135/5/5 1132/7/5 1136/8/5
f 1132/5/1 1131/6/1 1134/7/1
f 1132/5/1 1134/7/1 1136/8/1
f 1137/444/2 1138/445/2 1139/446/2
f 1137/444/2 1139/446/2 1140/447/2
f 1138/444/2 1141/445/2 1142/446/2
f 1138/444/2 1142/446/2 1139/447/2
f 1141/444/2 1143/445/2 1144/446/2
f 1141/444/2 1144/446/2 1142/447/2
f 1140/444/2 1139/445/2 1145/446/2
f 1140/444/2 1145/446/2 1146/447/2
f 1139/444/2 1142/445/2 1147/446/2
f 1139/444/2 1147/446/2 1145/447/2
f 1142/444/2 1144/445/2 1148/446/2
f 1142/444/2 1148/446/2 1147/447/2
f 1149/5/2 1150/6/2 1151/7/2
f 1149/5/2 1151/7/2 1152/8/2
f 1153/431/2 1154/432/2 1155/433/2
f 1153/431/2 1155/433/2 1156/434/2
f 1143/444/3 1157/445/3 1158/446/3
f 1143/444/3 1158/446/3 1144/447/3
f 1157/444/3 1159/445/3 1160/446/3
f 1157/444/3 1160/446/3 1158/447/3
f 1159/444/3 1161/445/3 1162/446/3
f 1159/444/3 1162/446/3 1160/447/3
f 1161/444/3 1163/445/3 1164/446/3
f 1161/444/3 1164/446/3 1162/447/3
f 1144/444/3 1158/445/3 1165/446/3
f 1144/444/3 1165/446/3 1148/447/3
f 1158/444/3 1160/445/3 1166/446/3
f 1158/444/3 1166/446/3 1165/447/3
f 1160/444/3 1162/445/3 1167/446/3
f 1160/444/3 1167/446/3 1166/447/3
f 1162/444/3 1164/445/3 1168/446/3
f 1162/444/3 1168/446/3 1167/447/3
f 1169/5/3 1170/6/3 1171/7/3
f 1169/5/3 1171/7/3 1172/8/3
f 1173/435/3 1174/436/3 1175/437/3
f 1173/435/3 1175/437/3 1176/438/3
f 1177/431/3 1178/432/3 1179/433/3
f 1177/431/3 1179/433/3 1180/434/3
f 1181/431/3 1182/432/3 1183/433/3
f 1181/431/3 1183/433/3 1184/434/3
f 1163/444/4 1185/445/4 1186/446/4
f 1163/444/4 1186/446/4 1164/447/4
f 1185/444/4 1187/445/4 1188/446/4
f 1185/444/4 1188/446/4 1186/447/4
f 1187/444/4 1189/445/4 1190/446/4
f 1187/444/4 1190/446/4 1188/447/4
f 1164/444/4 1186/445/4 1191/446/4
f 1164/444/4 1191/446/4 1168/447/4
f 1186/444/4 1188/445/4 1192/446/4
f 1186/444/4 1192/446/4 1191/447/4
f 1188/444/4 1190/445/4 1193/446/4
f 1188/444/4 1193/446/4 1192/447/4
f 1194/5/4 1195/6/4 1196/7/4
f 1194/5/4 1196/7/4 1197/8/4
f 1198/431/4 1199/432/4 1200/433/4
f 1198/431/4 1200/433/4 1201/434/4
f 1189/444/5 1202/445/5 1203/446/5
f 1189/444/5 1203/446/5 1190/447/5
f 1202/444/5 1204/445/5 1205/446/5
f 1202/444/5 1205/446/5 1203/447/5
f 1204/444/5 1206/445/5 1207/446/5
f 1204/444/5 1207/446/5 1205/447/5
f 1206/444/5 1137/445/5 1140/446/5
f 1206/444/5 1140/446/5 1207/447/5
f 1190/444/5 1203/445/5 1208/446/5
f 1190/444/5 1208/446/5 1193/447/5
f 1203/444/5 1205/445/5 1209/446/5
f 1203/444/5 1209/446/5 1208/447/5
f 1205/444/5 1207/445/5 1210/446/5
f 1205/444/5 1210/446/5 1209/447/5
f 1207/444/5 1140/445/5 1146/446/5
f 1207/444/5 1146/446/5 1210/447/5
f 1211/5/5 1212/6/5 1213/7/5
f 1211/5/5 1213/7/5 1214/8/5
f 1215/431/5 1216/432/5 1217/433/5
f 1215/431/5 1217/433/5 1218/434/5
f 1219/439/312 1220/440/312 1221/441/312
f 1219/439/312 1221/441/312 1222/442/312
f 1220/439/312 1223/440/312 1224/441/312
f 1220/439/312 1224/441/312 1221/442/312
f 1223/439/312 1225/440/312 1226/441/312
f 1223/439/312 1226/441/312 1224/442/312
f 1225/439/312 1227/440/312 1228/441/312
f 1225/439/312 1228/441/312 1226/442/312
f 1222/439/312 1221/440/312 1229/441/312
f 1222/439/312 1229/441/312 1230/442/312
f 1221/439/312 1224/440/312 1231/441/312
f 1221/439/312 1231/441/312 1229/442/312
f 1224/439/312 1226/440/312 1232/441/312
f 1224/439/312 1232/441/312 1231/442/312
f 1226/439/312 1228/440/312 1233/441/312
f 1226/439/312 1233/441/312 1232/442/312
f 1234/439/313 1235/440/313 1236/441/313
f 1234/439/313 1236/441/313 1237/442/313
f 1235/439/313 1238/440/313 1239/441/313
f 1235/439/313 1239/441/313 1236/442/313
f 1238/439/313 1240/440/313 1241/441/313
f 1238/439/313 1241/441/313 1239/442/313
f 1240/439/313 1242/440/313 1243/441/313
f 1240/439/313 1243/441/313 1241/442/313
f 1237/439/313 1236/440/313 1229/441/313
f 1237/439/313 1229/441/313 1230/442/313
f 1236/439/313 1239/440/313 1231/441/313
f 1236/439/313 1231/441/313 1229/442/313
f 1239/439/313 1241/440/313 1232/441/313
f 1239/439/313 1232/441/313 1231/442/313
f 1241/439/313 1243/440/313 1233/441/313
f 1241/439/313 1233/441/313 1232/442/313
f 1193/444/4 1168/445/4 1244/448/4
f 1146/444/2 1148/445/2 1245/448/2
f 1246/1/2 1247/2/2 1248/3/2
f 1246/1/2 1248/3/2 1249/4/2
f 1247/1/3 1250/2/3 1251/3/3
f 1247/1/3 1251/3/3 1248/4/3
f 1250/1/4 1252/2/4 1253/3/4
f 1250/1/4 1253/3/4 1251/4/4
f 1252/1/5 1246/2/5 1249/3/5
f 1252/1/5 1249/3/5 1253/4/5
f 1249/1/1 1248/2/1 1251/3/1
f 1249/1/1 1251/3/1 1253/4/1
f 1254/5/2 1255/6/2 1256/7/2
f 1254/5/2 1256/7/2 1257/8/2
f 1255/5/3 1258/6/3 1259/7/3
f 1255/5/3 1259/7/3 1256/8/3
f 1258/5/4 1260/6/4 1261/7/4
f 1258/5/4 1261/7/4 1259/8/4
f 1260/5/5 1254/6/5 1257/7/5
f 1260/5/5 1257/7/5 1261/8/5
f 1257/5/1 1256/6/1 1259/7/1
f 1257/5/1 1259/7/1 1261/8/1
f 1262/427/2 1263/428/2 1264/429/2
f 1262/427/2 1264/429/2 1265/430/2
f 1263/427/2 1266/428/2 1267/429/2
f 1263/427/2 1267/429/2 1264/430/2
f 1266/427/2 1268/428/2 1269/429/2
f 1266/427/2 1269/429/2 1267/430/2
f 1265/427/2 1264/428/2 1270/429/2
f 1265/427/2 1270/429/2 1271/430/2
f 1264/427/2 1267/428/2 1272/429/2
f 1264/427/2 1272/429/2 1270/430/2
f 1267/427/2 1269/428/2 1273/429/2
f 1267/427/2 1273/429/2 1272/430/2
f 1274/5/2 1275/6/2 1276/7/2
f 1274/5/2 1276/7/2 1277/8/2
f 1278/431/2 1279/432/2 1280/433/2
f 1278/431/2 1280/433/2 1281/434/2
f 1268/427/3 1282/428/3 1283/429/3
f 1268/427/3 1283/429/3 1269/430/3
f 1282/427/3 1284/428/3 1285/429/3
f 1282/427/3 1285/429/3 1283/430/3
f 1284/427/3 1286/428/3 1287/429/3
f 1284/427/3 1287/429/3 1285/430/3
f 1286/427/3 1288/428/3 1289/429/3
f 1286/427/3 1289/429/3 1287/430/3
f 1288/427/3 1290/428/3 1291/429/3
f 1288/427/3 1291/429/3 1289/430/3
f 1269/427/3 1283/428/3 1292/429/3
f 1269/427/3 1292/429/3 1273/430/3
f 1283/427/3 1285/428/3 1293/429/3
f 1283/427/3 1293/429/3 1292/430/3
f 1285/427/3 1287/428/3 1294/429/3
f 1285/427/3 1294/429/3 1293/430/3
f 1287/427/3 1289/428/3 1295/429/3
f 1287/427/3 1295/429/3 1294/430/3
f 1289/427/3 1291/428/3 1296/429/3
f 1289/427/3 1296/429/3 1295/430/3
f 1297/5/3 1298/6/3 1299/7/3
f 1297/5/3 1299/7/3 1300/8/3
f 1301/431/3 1302/432/3 1303/433/3
f 1301/431/3 1303/433/3 1304/434/3
f 1290/427/4 1305/428/4 1306/429/4
f 1290/427/4 1306/429/4 1291/430/4
f 1305/427/4 1307/428/4 1308/429/4
f 1305/427/4 1308/429/4 1306/430/4
f 1307/427/4 1309/428/4 1310/429/4
f 1307/427/4 1310/429/4 1308/430/4
f 1291/427/4 1306/428/4 1311/429/4
f 1291/427/4 1311/429/4 1296/430/4
f 1306/427/4 1308/428/4 1312/429/4
f 1306/427/4 1312/429/4 1311/430/4
f 1308/427/4 1310/428/4 1313/429/4
f 1308/427/4 1313/429/4 1312/430/4
f 1314/5/4 1315/6/4 1316/7/4
f 1314/5/4 1316/7/4 1317/8/4
f 1318/431/4 1319/432/4 1320/433/4
f 1318/431/4 1320/433/4 1321/434/4
f 1309/427/5 1322/428/5 1323/429/5
f 1309/427/5 1323/429/5 1310/430/5
f 1322/427/5 1324/428/5 1325/429/5
f 1322/427/5 1325/429/5 1323/430/5
f 1324/427/5 1326/428/5 1327/429/5
f 1324/427/5 1327/429/5 1325/430/5
f 1326/427/5 1328/428/5 1329/429/5
f 1326/427/5 1329/429/5 1327/430/5
f 1328/427/5 1262/428/5 1265/429/5
f 1328/427/5 1265/429/5 1329/430/5
f 1310/427/5 1323/428/5 1330/429/5
f 1310/427/5 1330/429/5 1313/430/5
f 1323/427/5 1325/428/5 1331/429/5
f 1323/427/5 1331/429/5 1330/430/5
f 1325/427/5 1327/428/5 1332/429/5
f 1325/427/5 1332/429/5 1331/430/5
f 1327/427/5 1329/428/5 1333/429/5
f 1327/427/5 1333/429/5 1332/430/5
f 1329/427/5 1265/428/5 1271/429/5
f 1329/427/5 1271/429/5 1333/430/5
f 1334/5/5 1335/6/5 1336/7/5
f 1334/5/5 1336/7/5 1337/8/5
f 1338/435/5 1339/436/5 1340/437/5
f 1338/435/5 1340/437/5 1341/438/5
f 1342/431/5 1343/432/5 1344/433/5
f 1342/431/5 1344/433/5 1345/434/5
f 1346/431/5 1347/432/5 1348/433/5
f 1346/431/5 1348/433/5 1349/434/5
f 1350/439/312 1351/440/312 1352/441/312
f 1350/439/312 1352/441/312 1353/442/312
f 1351/439/312 1354/440/312 1355/441/312
f 1351/439/312 1355/441/312 1352/442/312
f 1354/439/312 1356/440/312 1357/441/312
f 1354/439/312 1357/441/312 1355/442/312
f 1356/439/312 1358/440/312 1359/441/312
f 1356/439/312 1359/441/312 1357/442/312
f 1358/439/312 1360/440/312 1361/441/312
f 1358/439/312 1361/441/312 1359/442/312
f 1353/439/312 1352/440/312 1362/441/312
f 1353/439/312 1362/441/312 1363/442/312
f 1352/439/312 1355/440/312 1364/441/312
f 1352/439/312 1364/441/312 1362/442/312
f 1355/439/312 1357/440/312 1365/441/312
f 1355/439/312 1365/441/312 1364/442/312
f 1357/439/312 1359/440/312 1366/441/312
f 1357/439/312 1366/441/312 1365/442/312
f 1359/439/312 1361/440/312 1367/441/312
f 1359/439/312 1367/441/312 1366/442/312
f 1368/439/313 1369/440/313 1370/441/313
f 1368/439/313 1370/441/313 1371/442/313
f 1369/439/313 1372/440/313 1373/441/313
f 1369/439/313 1373/441/313 1370/442/313
f 1372/439/313 1374/440/313 1375/441/313
f 1372/439/313 1375/441/313 1373/442/313
f 1374/439/313 1376/440/313 1377/441/313
f 1374/439/313 1377/441/313 1375/442/313
f 1376/439/313 1378/440/313 1379/441/313
f 1376/439/313 1379/441/313 1377/442/313
f 1371/439/313 1370/440/313 1362/441/313
f 1371/439/313 1362/441/313 1363/442/313
f 1370/439/313 1373/440/313 1364/441/313
f 1370/439/313 1364/441/313 1362/442/313
f 1373/439/313 1375/440/313 1365/441/313
f 1373/439/313 1365/441/313 1364/442/313
f 1375/439/313 1377/440/313 1366/441/313
f 1375/439/313 1366/441/313 1365/442/313
f 1377/439/313 1379/440/313 1367/441/313
f 1377/439/313 1367/441/313 1366/442/313
f 1313/427/4 1296/428/4 1380/443/4
f 1271/427/2 1273/428/2 1381/443/2
f 1382/1/2 1383/2/2 1384/3/2
f 1382/1/2 1384/3/2 1385/4/2
f 1383/1/3 1386/2/3 1387/3/3
f 1383/1/3 1387/3/3 1384/4/3
f 1386/1/4 1388/2/4 1389/3/4
f 1386/1/4 1389/3/4 1387/4/4
f 1388/1/5 1382/2/5 1385/3/5
f 1388/1/5 1385/3/5 1389/4/5
f 1385/1/1 1384/2/1 1387/3/1
f 1385/1/1 1387/3/1 1389/4/1
f 1390/5/2 1391/6/2 1392/7/2
f 1390/5/2 1392/7/2 1393/8/2
f 1391/5/3 1394/6/3 1395/7/3
f 1391/5/3 1395/7/3 1392/8/3
f 1394/5/4 1396/6/4 1397/7/4
f 1394/5/4 1397/7/4 1395/8/4
f 1396/5/5 1390/6/5 1393/7/5
f 1396/5/5 1393/7/5 1397/8/5
f 1393/5/1 1392/6/1 1395/7/1
f 1393/5/1 1395/7/1 1397/8/1
f 1398/444/2 1399/445/2 1400/446/2
f 1398/444/2 1400/446/2 1401/447/2
f 1399/444/2 1402/445/2 1403/446/2
f 1399/444/2 1403/446/2 1400/447/2
f 1402/444/2 1404/445/2 1405/446/2
f 1402/444/2 1405/446/2 1403/447/2
f 1404/444/2 1406/445/2 1407/446/2
f 1404/444/2 1407/446/2 1405/447/2
f 1401/444/2 1400/445/2 1408/446/2
f 1401/444/2 1408/446/2 1409/447/2
f 1400/444/2 1403/445/2 1410/446/2
f 1400/444/2 1410/446/2 1408/447/2
f 1403/444/2 1405/445/2 1411/446/2
f 1403/444/2 1411/446/2 1410/447/2
f 1405/444/2 1407/445/2 1412/446/2
f 1405/444/2 1412/446/2 1411/447/2
f 1413/5/2 1414/6/2 1415/7/2
f 1413/5/2 1415/7/2 1416/8/2
f 1417/435/2 1418/436/2 1419/437/2
f 1417/435/2 1419/437/2 1420/438/2
f 1421/431/2 1422/432/2 1423/433/2
f 1421/431/2 1423/433/2 1424/434/2
f 1425/431/2 1426/432/2 1427/433/2
f 1425/431/2 1427/433/2 1428/434/2
f 1406/444/3 1429/445/3 1430/446/3
f 1406/444/3 1430/446/3 1407/447/3
f 1429/444/3 1431/445/3 1432/446/3
f 1429/444/3 1432/446/3 1430/447/3
f 1431/444/3 1433/445/3 1434/446/3
f 1431/444/3 1434/446/3 1432/447/3
f 1407/444/3 1430/445/3 1435/446/3
f 1407/444/3 1435/446/3 1412/447/3
f 1430/444/3 1432/445/3 1436/446/3
f 1430/444/3 1436/446/3 1435/447/3
f 1432/444/3 1434/445/3 1437/446/3
f 1432/444/3 1437/446/3 1436/447/3
f 1438/5/3 1439/6/3 1440/7/3
f 1438/5/3 1440/7/3 1441/8/3
f 1442/431/3 1443/432/3 1444/433/3
f 1442/431/3 1444/433/3 1445/434/3
f 1433/444/4 1446/445/4 1447/446/4
f 1433/444/4 1447/446/4 1434/447/4
f 1446/444/4 1448/445/4 1449/446/4
f 1446/444/4 1449/446/4 1447/447/4
f 1448/444/4 1450/445/4 1451/446/4
f 1448/444/4 1451/446/4 1449/447/4
f 1450/444/4 1452/445/4 1453/446/4
f 1450/444/4 1453/446/4 1451/447/4
f 1434/444/4 1447/445/4 1454/446/4
f 1434/444/4 1454/446/4 1437/447/4
f 1447/444/4 1449/445/4 1455/446/4
f 1447/444/4 1455/446/4 1454/447/4
f 1449/444/4 1451/445/4 1456/446/4
f 1449/444/4 1456/446/4 1455/447/4
f 1451/444/4 1453/445/4 1457/446/4
f 1451/444/4 1457/446/4 1456/447/4
f 1458/5/4 1459/6/4 1460/7/4
f 1458/5/4 1460/7/4 1461/8/4
f 1462/431/4 1463/432/4 1464/433/4
f 1462/431/4 1464/433/4 1465/434/4
f 1452/444/5 1466/445/5 1467/446/5
f 1452/444/5 1467/446/5 1453/447/5
f 1466/444/5 1468/445/5 1469/446/5
f 1466/444/5 1469/446/5 1467/447/5
f 1468/444/5 1398/445/5 1401/446/5
f 1468/444/5 1401/446/5 1469/447/5
f 1453/444/5 1467/445/5 1470/446/5
f 1453/444/5 1470/446/5 1457/447/5
f 1467/444/5 1469/445/5 1471/446/5
f 1467/444/5 1471/446/5 1470/447/5
f 1469/444/5 1401/445/5 1409/446/5
f 1469/444/5 1409/446/5 1471/447/5
f 1472/5/5 1473/6/5 1474/7/5
f 1472/5/5 1474/7/5 1475/8/5
f 1476/431/5 1477/432/5 1478/433/5
f 1476/431/5 1478/433/5 1479/434/5
f 1480/439/310 1481/440/310 1482/441/310
f 1480/439/310 1482/441/310 1483/442/310
f 1481/439/310 1484/440/310 1485/441/310
f 1481/439/310 1485/441/310 1482/442/310
f 1484/439/310 1486/440/310 1487/441/310
f 1484/439/310 1487/441/310 1485/442/310
f 1486/439/310 1488/440/310 1489/441/310
f 1486/439/310 1489/441/310 1487/442/310
f 1483/439/310 1482/440/310 1490/441/310
f 1483/439/310 1490/441/310 1491/442/310
f 1482/439/310 1485/440/310 1492/441/310
f 1482/439/310 1492/441/310 1490/442/310
f 1485/439/310 1487/440/310 1493/441/310
f 1485/439/310 1493/441/310 1492/442/310
f 1487/439/310 1489/440/310 1494/441/310
f 1487/439/310 1494/441/310 1493/442/310
f 1495/439/311 1496/440/311 1497/441/311
f 1495/439/311 1497/441/311 1498/442/311
f 1496/439/311 1499/440/311 1500/441/311
f 1496/439/311 1500/441/311 1497/442/311
f 1499/439/311 1501/440/311 1502/441/311
f 1499/439/311 1502/441/311 1500/442/311
f 1501/439/311 1503/440/311 1504/441/311
f 1501/439/311 1504/441/311 1502/442/311
f 1498/439/311 1497/440/311 1490/441/311
f 1498/439/311 1490/441/311 1491/442/311
f 1497/439/311 1500/440/311 1492/441/311
f 1497/439/311 1492/441/311 1490/442/311
f 1500/439/311 1502/440/311 1493/441/311
f 1500/439/311 1493/441/311 1492/442/311
f 1502/439/311 1504/440/311 1494/441/311
f 1502/439/311 1494/441/311 1493/442/311
f 1412/444/3 1437/445/3 1505/448/3
f 1409/444/5 1457/445/5 1506/448/5
f 1507/1/2 1508/2/2 1509/3/2
f 1507/1/2 1509/3/2 1510/4/2
f 1508/1/3 1511/2/3 1512/3/3
f 1508/1/3 1512/3/3 1509/4/3
f 1511/1/4 1513/2/4 1514/3/4
f 1511/1/4 1514/3/4 1512/4/4
f 1513/1/5 1507/2/5 1510/3/5
f 1513/1/5 1510/3/5 1514/4/5
f 1510/1/1 1509/2/1 1512/3/1
f 1510/1/1 1512/3/1 1514/4/1
f 1515/5/2 1516/6/2 1517/7/2
f 1515/5/2 1517/7/2 1518/8/2
f 1516/5/3 1519/6/3 1520/7/3
f 1516/5/3 1520/7/3 1517/8/3
f 1519/5/4 1521/6/4 1522/7/4
f 1519/5/4 1522/7/4 1520/8/4
f 1521/5/5 1515/6/5 1518/7/5
f 1521/5/5 1518/7/5 1522/8/5
f 1518/5/1 1517/6/1 1520/7/1
f 1518/5/1 1520/7/1 1522/8/1
f 1523/427/2 1524/428/2 1525/429/2
f 1523/427/2 1525/429/2 1526/430/2
f 1524/427/2 1527/428/2 1528/429/2
f 1524/427/2 1528/429/2 1525/430/2
f 1527/427/2 1529/428/2 1530/429/2
f 1527/427/2 1530/429/2 1528/430/2
f 1529/427/2 1531/428/2 1532/429/2
f 1529/427/2 1532/429/2 1530/430/2
f 1526/427/2 1525/428/2 1533/429/2
f 1526/427/2 1533/429/2 1534/430/2
f 1525/427/2 1528/428/2 1535/429/2
f 1525/427/2 1535/429/2 1533/430/2
f 1528/427/2 1530/428/2 1536/429/2
f 1528/427/2 1536/429/2 1535/430/2
f 1530/427/2 1532/428/2 1537/429/2
f 1530/427/2 1537/429/2 1536/430/2
f 1538/5/2 1539/6/2 1540/7/2
f 1538/5/2 1540/7/2 1541/8/2
f 1542/435/2 1543/436/2 1544/437/2
f 1542/435/2 1544/437/2 1545/438/2
f 1546/431/2 1547/432/2 1548/433/2
f 1546/431/2 1548/433/2 1549/434/2
f 1550/431/2 1551/432/2 1552/433/2
f 1550/431/2 1552/433/2 1553/434/2
f 1531/427/3 1554/428/3 1555/429/3
f 1531/427/3 1555/429/3 1532/430/3
f 1554/427/3 1556/428/3 1557/429/3
f 1554/427/3 1557/429/3 1555/430/3
f 1556/427/3 1558/428/3 1559/429/3
f 1556/427/3 1559/429/3 1557/430/3
f 1532/427/3 1555/428/3 1560/429/3
f 1532/427/3 1560/429/3 1537/430/3
f 1555/427/3 1557/428/3 1561/429/3
f 1555/427/3 1561/429/3 1560/430/3
f 1557/427/3 1559/428/3 1562/429/3
f 1557/427/3 1562/429/3 1561/430/3
f 1563/5/3 1564/6/3 1565/7/3
f 1563/5/3 1565/7/3 1566/8/3
f 1567/431/3 1568/432/3 1569/433/3
f 1567/431/3 1569/433/3 1570/434/3
f 1558/427/4 1571/428/4 1572/429/4
f 1558/427/4 1572/429/4 1559/430/4
f 1571/427/4 1573/428/4 1574/429/4
f 1571/427/4 1574/429/4 1572/430/4
f 1573/427/4 1575/428/4 1576/429/4
f 1573/427/4 1576/429/4 1574/430/4
f 1575/427/4 1577/428/4 1578/429/4
f 1575/427/4 1578/429/4 1576/430/4
f 1559/427/4 1572/428/4 1579/429/4
f 1559/427/4 1579/429/4 1562/430/4
f 1572/427/4 1574/428/4 1580/429/4
f 1572/427/4 1580/429/4 1579/430/4
f 1574/427/4 1576/428/4 1581/429/4
f 1574/427/4 1581/429/4 1580/430/4
f 1576/427/4 1578/428/4 1582/429/4
f 1576/427/4 1582/429/4 1581/430/4
f 1583/5/4 1584/6/4 1585/7/4
f 1583/5/4 1585/7/4 1586/8/4
f 1587/431/4 1588/432/4 1589/433/4
f 1587/431/4 1589/433/4 1590/434/4
f 1577/427/5 1591/428/5 1592/429/5
f 1577/427/5 1592/429/5 1578/430/5
f 1591/427/5 1593/428/5 1594/429/5
f 1591/427/5 1594/429/5 1592/430/5
f 1593/427/5 1523/428/5 1526/429/5
f 1593/427/5 1526/429/5 1594/430/5
f 1578/427/5 1592/428/5 1595/429/5
f 1578/427/5 1595/429/5 1582/430/5
f 1592/427/5 1594/428/5 1596/429/5
f 1592/427/5 1596/429/5 1595/430/5
f 1594/427/5 1526/428/5 1534/429/5
f 1594/427/5 1534/429/5 1596/430/5
f 1597/5/5 1598/6/5 1599/7/5
f 1597/5/5 1599/7/5 1600/8/5
f 1601/431/5 1602/432/5 1603/433/5
f 1601/431/5 1603/433/5 1604/434/5
f 1605/439/310 1606/440/310 1607/441/310
f 1605/439/310 1607/441/310 1608/442/310
f 1606/439/310 1609/440/310 1610/441/310
f 1606/439/310 1610/441/310 1607/442/310
f 1609/439/310 1611/440/310 1612/441/310
f 1609/439/310 1612/441/310 1610/442/310
f 1611/439/310 1613/440/310 1614/441/310
f 1611/439/310 1614/441/310 1612/442/310
f 1608/439/310 1607/440/310 1615/441/310
f 1608/439/310 1615/441/310 1616/442/310
f 1607/439/310 1610/440/310 1617/441/310
f 1607/439/310 1617/441/310 1615/442/310
f 1610/439/310 1612/440/310 1618/441/310
f 1610/439/310 1618/441/310 1617/442/310
f 1612/439/310 1614/440/310 1619/441/310
f 1612/439/310 1619/441/310 1618/442/310
f 1620/439/311 1621/440/311 1622/441/311
f 1620/439/311 1622/441/311 1623/442/311
f 1621/439/311 1624/440/311 1625/441/311
f 1621/439/311 1625/441/311 1622/442/311
f 1624/439/311 1626/440/311 1627/441/311
f 1624/439/311 1627/441/311 1625/442/311
f 1626/439/311 1628/440/311 1629/441/311
f 1626/439/311 1629/441/311 1627/442/311
f 1623/439/311 1622/440/311 1615/441/311
f 1623/439/311 1615/441/311 1616/442/311
f 1622/439/311 1625/440/311 1617/441/311
f 1622/439/311 1617/441/311 1615/442/311
f 1625/439/311 1627/440/311 1618/441/311
f 1625/439/311 1618/441/311 1617/442/311
f 1627/439/311 1629/440/311 1619/441/311
f 1627/439/311 1619/441/311 1618/442/311
f 1537/427/3 1562/428/3 1630/443/3
f 1534/427/5 1582/428/5 1631/443/5
f 1632/1/2 1633/2/2 1634/3/2
f 1632/1/2 1634/3/2 1635/4/2
f 1633/1/3 1636/2/3 1637/3/3
f 1633/1/3 1637/3/3 1634/4/3
f 1636/1/4 1638/2/4 1639/3/4
f 1636/1/4 1639/3/4 1637/4/4
f 1638/1/5 1632/2/5 1635/3/5
f 1638/1/5 1635/3/5 1639/4/5
f 1635/1/1 1634/2/1 1637/3/1
f 1635/1/1 1637/3/1 1639/4/1
f 1640/5/2 1641/6/2 1642/7/2
f 1640/5/2 1642/7/2 1643/8/2
f 1641/5/3 1644/6/3 1645/7/3
f 1641/5/3 1645/7/3 1642/8/3
f 1644/5/4 1646/6/4 1647/7/4
f 1644/5/4 1647/7/4 1645/8/4
f 1646/5/5 1640/6/5 1643/7/5
f 1646/5/5 1643/7/5 1647/8/5
f 1643/5/1 1642/6/1 1645/7/1
f 1643/5/1 1645/7/1 1647/8/1
f 1648/449/314 1648/450/314 1649/451/315
f 1648/449/314 1649/451/315 1650/452/316
f 1648/450/314 1648/453/314 1651/454/317
f 1648/450/314 1651/454/317 1649/451/315
f 1648/453/314 1648/455/314 1652/456/318
f 1648/453/314 1652/456/318 1651/454/317
f 1648/455/314 1648/457/314 1653/458/319
f 1648/455/314 1653/458/319 1652/456/318
f 1648/457/314 1648/459/314 1654/460/320
f 1648/457/314 1654/460/320 1653/458/319
f 1648/459/314 1648/461/314 1655/462/321
f 1648/459/314 1655/462/321 1654/460/320
f 1648/461/314 1648/463/314 1656/464/322
f 1648/461/314 1656/464/322 1655/462/321
f 1648/463/314 1648/465/314 1657/466/323
f 1648/463/314 1657/466/323 1656/464/322
f 1648/465/314 1648/467/314 1658/468/324
f 1648/465/314 1658/468/324 1657/466/323
f 1648/467/314 1648/469/314 1650/470/316
f 1648/467/314 1650/470/316 1658/468/324
f 1650/452/316 1649/451/315 1659/471/325
f 1650/452/316 1659/471/325 1660/472/326
f 1649/451/315 1651/454/317 1661/473/327
f 1649/451/315 1661/473/327 1659/471/325
f 1651/454/317 1652/456/318 1662/474/328
f 1651/454/317 1662/474/328 1661/473/327
f 1652/456/318 1653/458/319 1663/475/329
f 1652/456/318 1663/475/329 1662/474/328
f 1653/458/319 1654/460/320 1664/476/330
f 1653/458/319 1664/476/330 1663/475/329
f 1654/460/320 1655/462/321 1665/477/331
f 1654/460/320 1665/477/331 1664/476/330
f 1655/462/321 1656/464/322 1666/478/332
f 1655/462/321 1666/478/332 1665/477/331
f 1656/464/322 1657/466/323 1667/479/333
f 1656/464/322 1667/479/333 1666/478/332
f 1657/466/323 1658/468/324 1668/480/334
f 1657/466/323 1668/480/334 1667/479/333
f 1658/468/324 1650/470/316 1660/481/326
f 1658/468/324 1660/481/326 1668/480/334
f 1660/472/326 1659/471/325 1669/482/282
f 1660/472/326 1669/482/282 1670/483/3
f 1659/471/325 1661/473/327 1671/484/284
f 1659/471/325 1671/484/284 1669/482/282
f 1661/473/327 1662/474/328 1672/485/286
f 1661/473/327 1672/485/286 1671/484/284
f 1662/474/328 1663/475/329 1673/486/288
f 1662/474/328 1673/486/288 1672/485/286
f 1663/475/329 1664/476/330 1674/487/5
f 1663/475/329 1674/487/5 1673/486/288
f 1664/476/330 1665/477/331 1675/488/291
f 1664/476/330 1675/488/291 1674/487/5
f 1665/477/331 1666/478/332 1676/489/293
f 1665/477/331 1676/489/293 1675/488/291
f 1666/478/332 1667/479/333 1677/490/295
f 1666/478/332 1677/490/295 1676/489/293
f 1667/479/333 1668/480/334 1678/491/297
f 1667/479/333 1678/491/297 1677/490/295
f 1668/480/334 1660/481/326 1670/492/3
f 1668/480/334 1670/492/3 1678/491/297
f 1670/483/3 1669/482/282 1679/493/335
f 1670/483/3 1679/493/335 1680/494/336
f 1669/482/282 1671/484/284 1681/495/337
f 1669/482/282 1681/495/337 1679/493/335
f 1671/484/284 1672/485/286 1682/496/338
f 1671/484/284 1682/496/338 1681/495/337
f 1672/485/286 1673/486/288 1683/497/339
f 1672/485/286 1683/497/339 1682/496/338
f 1673/486/288 1674/487/5 1684/498/340
f 1673/486/288 1684/498/340 1683/497/339
f 1674/487/5 1675/488/291 1685/499/341
f 1674/487/5 1685/499/341 1684/498/340
f 1675/488/291 1676/489/293 1686/500/342
f 1675/488/291 1686/500/342 1685/499/341
f 1676/489/293 1677/490/295 1687/501/343
f 1676/489/293 1687/501/343 1686/500/342
f 1677/490/295 1678/491/297 1688/502/344
f 1677/490/295 1688/502/344 1687/501/343
f 1678/491/297 1670/492/3 1680/503/336
f 1678/491/297 1680/503/336 1688/502/344
f 1680/494/336 1679/493/335 1689/504/345
f 1680/494/336 1689/504/345 1690/505/346
f 1679/493/335 1681/495/337 1691/506/347
f 1679/493/335 1691/506/347 1689/504/345
f 1681/495/337 1682/496/338 1692/507/348
f 1681/495/337 1692/507/348 1691/506/347
f 1682/496/338 1683/497/339 1693/508/349
f 1682/496/338 1693/508/349 1692/507/348
f 1683/497/339 1684/498/340 1694/509/350
f 1683/497/339 1694/509/350 1693/508/349
f 1684/498/340 1685/499/341 1695/510/351
f 1684/498/340 1695/510/351 1694/509/350
f 1685/499/341 1686/500/342 1696/511/352
f 1685/499/341 1696/511/352 1695/510/351
f 1686/500/342 1687/501/343 1697/512/353
f 1686/500/342 1697/512/353 1696/511/352
f 1687/501/343 1688/502/344 1698/513/354
f 1687/501/343 1698/513/354 1697/512/353
f 1688/502/344 1680/503/336 1690/514/346
f 1688/502/344 1690/514/346 1698/513/354
f 1690/505/346 1689/504/345 1699/515/1
f 1690/505/346 1699/515/1 1699/516/1
f 1689/504/345 1691/506/347 1699/517/1
f 1689/504/345 1699/517/1 1699/515/1
f 1691/506/347 1692/507/348 1699/518/1
f 1691/506/347 1699/518/1 1699/517/1
f 1692/507/348 1693/508/349 1699/519/1
f 1692/507/348 1699/519/1 1699/518/1
f 1693/508/349 1694/509/350 1699/520/1
f 1693/508/349 1699/520/1 1699/519/1
f 1694/509/350 1695/510/351 1699/521/1
f 1694/509/350 1699/521/1 1699/520/1
f 1695/510/351 1696/511/352 1699/522/1
f 1695/510/351 1699/522/1 1699/521/1
f 1696/511/352 1697/512/353 1699/523/1
f 1696/511/352 1699/523/1 1699/522/1
f 1697/512/353 1698/513/354 1699/524/1
f 1697/512/353 1699/524/1 1699/523/1
f 1698/513/354 1690/514/346 1699/525/1
f 1698/513/354 1699/525/1 1699/524/1
f 1700/449/314 1700/450/314 1701/451/315
f 1700/449/314 1701/451/315 1702/452/316
f 1700/450/314 1700/453/314 1703/454/317
f 1700/450/314 1703/454/317 1701/451/315
f 1700/453/314 1700/455/314 1704/456/318
f 1700/453/314 1704/456/318 1703/454/317
f 1700/455/314 1700/457/314 1705/458/319
f 1700/455/314 1705/458/319 1704/456/318
f 1700/457/314 1700/459/314 1706/460/320
f 1700/457/314 1706/460/320 1705/458/319
f 1700/459/314 1700/461/314 1707/462/321
f 1700/459/314 1707/462/321 1706/460/320
f 1700/461/314 1700/463/314 1708/464/322
f 1700/461/314 1708/464/322 1707/462/321
f 1700/463/314 1700/465/314 1709/466/323
f 1700/463/314 1709/466/323 1708/464/322
f 1700/465/314 1700/467/314 1710/468/324
f 1700/465/314 1710/468/324 1709/466/323
f 1700/467/314 1700/469/314 1702/470/316
f 1700/467/314 1702/470/316 1710/468/324
f 1702/452/316 1701/451/315 1711/471/325
f 1702/452/316 1711/471/325 1712/472/326
f 1701/451/315 1703/454/317 1713/473/327
f 1701/451/315 1713/473/327 1711/471/325
f 1703/454/317 1704/456/318 1714/474/328
f 1703/454/317 1714/474/328 1713/473/327
f 1704/456/318 1705/458/319 1715/475/329
f 1704/456/318 1715/475/329 1714/474/328
f 1705/458/319 1706/460/320 1716/476/330
f 1705/458/319 1716/476/330 1715/475/329
f 1706/460/320 1707/462/321 1717/477/331
f 1706/460/320 1717/477/331 1716/476/330
f 1707/462/321 1708/464/322 1718/478/332
f 1707/462/321 1718/478/332 1717/477/331
f 1708/464/322 1709/466/323 1719/479/333
f 1708/464/322 1719/479/333 1718/478/332
f 1709/466/323 1710/468/324 1720/480/334
f 1709/466/323 1720/480/334 1719/479/333
f 1710/468/324 1702/470/316 1712/481/326
f 1710/468/324 1712/481/326 1720/480/334
f 1712/472/326 1711/471/325 1721/482/282
f 1712/472/326 1721/482/282 1722/483/3
f 1711/471/325 1713/473/327 1723/484/284
f 1711/471/325 1723/484/284 1721/482/282
f 1713/473/327 1714/474/328 1724/485/286
f 1713/473/327 1724/485/286 1723/484/284
f 1714/474/328 1715/475/329 1725/486/288
f 1714/474/328 1725/486/288 1724/485/286
f 1715/475/329 1716/476/330 1726/487/5
f 1715/475/329 1726/487/5 1725/486/288
f 1716/476/330 1717/477/331 1727/488/291
f 1716/476/330 1727/488/291 1726/487/5
f 1717/477/331 1718/478/332 1728/489/293
f 1717/477/331 1728/489/293 1727/488/291
f 1718/478/332 1719/479/333 1729/490/295
f 1718/478/332 1729/490/295 1728/489/293
f 1719/479/333 1720/480/334 1730/491/297
f 1719/479/333 1730/491/297 1729/490/295
f 1720/480/334 1712/481/326 1722/492/3
f 1720/480/334 1722/492/3 1730/491/297
f 1722/483/3 1721/482/282 1731/493/335
f 1722/483/3 1731/493/335 1732/494/336
f 1721/482/282 1723/484/284 1733/495/337
f 1721/482/282 1733/495/337 1731/493/335
f 1723/484/284 1724/485/286 1734/496/338
f 1723/484/284 1734/496/338 1733/495/337
f 1724/485/286 1725/486/288 1735/497/339
f 1724/485/286 1735/497/339 1734/496/338
f 1725/486/288 1726/487/5 1736/498/340
f 1725/486/288 1736/498/340 1735/497/339
f 1726/487/5 1727/488/291 1737/499/341
f 1726/487/5 1737/499/341 1736/498/340
f 1727/488/291 1728/489/293 1738/500/342
f 1727/488/291 1738/500/342 1737/499/341
f 1728/489/293 1729/490/295 1739/501/343
f 1728/489/293 1739/501/343 1738/500/342
f 1729/490/295 1730/491/297 1740/502/344
f 1729/490/295 1740/502/344 1739/501/343
f 1730/491/297 1722/492/3 1732/503/336
f 1730/491/297 1732/503/336 1740/502/344
f 1732/494/336 1731/493/335 1741/504/345
f 1732/494/336 1741/504/345 1742/505/346
f 1731/493/335 1733/495/337 1743/506/347
f 1731/493/335 1743/506/347 1741/504/345
f 1733/495/337 1734/496/338 1744/507/348
f 1733/495/337 1744/507/348 1743/506/347
f 1734/496/338 1735/497/339 1745/508/349
f 1734/496/338 1745/508/349 1744/507/348
f 1735/497/339 1736/498/340 1746/509/350
f 1735/497/339 1746/509/350 1745/508/349
f 1736/498/340 1737/499/341 1747/510/351
f 1736/498/340 1747/510/351 1746/509/350
f 1737/499/341 1738/500/342 1748/511/352
f 1737/499/341 1748/511/352 1747/510/351
f 1738/500/342 1739/501/343 1749/512/353
f 1738/500/342 1749/512/353 1748/511/352
f 1739/501/343 1740/502/344 1750/513/354
f 1739/501/343 1750/513/354 1749/512/353
f 1740/502/344 1732/503/336 1742/514/346
f 1740/502/344 1742/514/346 1750/513/354
f 1742/505/346 1741/504/345 1751/515/1
f 1742/505/346 1751/515/1 1751/516/1
f 1741/504/345 1743/506/347 1751/517/1
f 1741/504/345 1751/517/1 1751/515/1
f 1743/506/347 1744/507/348 1751/518/1
f 1743/506/347 1751/518/1 1751/517/1
f 1744/507/348 1745/508/349 1751/519/1
f 1744/507/348 1751/519/1 1751/518/1
f 1745/508/349 1746/509/350 1751/520/1
f 1745/508/349 1751/520/1 1751/519/1
f 1746/509/350 1747/510/351 1751/521/1
f 1746/509/350 1751/521/1 1751/520/1
f 1747/510/351 1748/511/352 1751/522/1
f 1747/510/351 1751/522/1 1751/521/1
f 1748/511/352 1749/512/353 1751/523/1
f 1748/511/352 1751/523/1 1751/522/1
f 1749/512/353 1750/513/354 1751/524/1
f 1749/512/353 1751/524/1 1751/523/1
f 1750/513/354 1742/514/346 1751/525/1
f 1750/513/354 1751/525/1 1751/524/1
f 1752/449/314 1752/450/314 1753/451/315
f 1752/449/314 1753/451/315 1754/452/316
f 1752/450/314 1752/453/314 1755/454/317
f 1752/450/314 1755/454/317 1753/451/315
f 1752/453/314 1752/455/314 1756/456/318
f 1752/453/314 1756/456/318 1755/454/317
f 1752/455/314 1752/457/314 1757/458/319
f 1752/455/314 1757/458/319 1756/456/318
f 1752/457/314 1752/459/314 1758/460/320
f 1752/457/314 1758/460/320 1757/458/319
f 1752/459/314 1752/461/314 1759/462/321
f 1752/459/314 1759/462/321 1758/460/320
f 1752/461/314 1752/463/314 1760/464/322
f 1752/461/314 1760/464/322 1759/462/321
f 1752/463/314 1752/465/314 1761/466/323
f 1752/463/314 1761/466/323 1760/464/322
f 1752/465/314 1752/467/314 1762/468/324
f 1752/465/314 1762/468/324 1761/466/323
f 1752/467/314 1752/469/314 1754/470/316
f 1752/467/314 1754/470/316 1762/468/324
f 1754/452/316 1753/451/315 1763/471/325
f 1754/452/316 1763/471/325 1764/472/326
f 1753/451/315 1755/454/317 1765/473/327
f 1753/451/315 1765/473/327 1763/471/325
f 1755/454/317 1756/456/318 1766/474/328
f 1755/454/317 1766/474/328 1765/473/327
f 1756/456/318 1757/458/319 1767/475/329
f 1756/456/318 1767/475/329 1766/474/328
f 1757/458/319 1758/460/320 1768/476/330
f 1757/458/319 1768/476/330 1767/475/329
f 1758/460/320 1759/462/321 1769/477/331
f 1758/460/320 1769/477/331 1768/476/330
f 1759/462/321 1760/464/322 1770/478/332
f 1759/462/321 1770/478/332 1769/477/331
f 1760/464/322 1761/466/323 1771/479/333
f 1760/464/322 1771/479/333 1770/478/332
f 1761/466/323 1762/468/324 1772/480/334
f 1761/466/323 1772/480/334 1771/479/333
f 1762/468/324 1754/470/316 1764/481/326
f 1762/468/324 1764/481/326 1772/480/334
f 1764/472/326 1763/471/325 1773/482/282
f 1764/472/326 1773/482/282 1774/483/3
f 1763/471/325 1765/473/327 1775/484/284
f 1763/471/325 1775/484/284 1773/482/282
f 1765/473/327 1766/474/328 1776/485/286
f 1765/473/327 1776/485/286 1775/484/284
f 1766/474/328 1767/475/329 1777/486/288
f 1766/474/328 1777/486/288 1776/485/286
f 1767/475/329 1768/476/330 1778/487/5
f 1767/475/329 1778/487/5 1777/486/288
f 1768/476/330 1769/477/331 1779/488/291
f 1768/476/330 1779/488/291 1778/487/5
f 1769/477/331 1770/478/332 1780/489/293
f 1769/477/331 1780/489/293 1779/488/291
f 1770/478/332 1771/479/333 1781/490/295
f 1770/478/332 1781/490/295 1780/489/293
f 1771/479/333 1772/480/334 1782/491/297
f 1771/479/333 1782/491/297 1781/490/295
f 1772/480/334 1764/481/326 1774/492/3
f 1772/480/334 1774/492/3 1782/491/297
f 1774/483/3 1773/482/282 1783/493/335
f 1774/483/3 1783/493/335 1784/494/336
f 1773/482/282 1775/484/284 1785/495/337
f 1773/482/282 1785/495/337 1783/493/335
f 1775/484/284 1776/485/286 1786/496/338
f 1775/484/284 1786/496/338 1785/495/337
f 1776/485/286 1777/486/288 1787/497/339
f 1776/485/286 1787/497/339 1786/496/338
f 1777/486/288 1778/487/5 1788/498/340
f 1777/486/288 1788/498/340 1787/497/339
f 1778/487/5 1779/488/291 1789/499/341
f 1778/487/5 1789/499/341 1788/498/340
f 1779/488/291 1780/489/293 1790/500/342
f 1779/488/291 1790/500/342 1789/499/341
f 1780/489/293 1781/490/295 1791/501/343
f 1780/489/293 1791/501/343 1790/500/342
f 1781/490/295 1782/491/297 1792/502/344
f 1781/490/295 1792/502/344 1791/501/343
f 1782/491/297 1774/492/3 1784/503/336
f 1782/491/297 1784/503/336 1792/502/344
f 1784/494/336 1783/493/335 1793/504/345
f 1784/494/336 1793/504/345 1794/505/346
f 1783/493/335 1785/495/337 1795/506/347
f 1783/493/335 1795/506/347 1793/504/345
f 1785/495/337 1786/496/338 1796/507/348
f 1785/495/337 1796/507/348 1795/506/347
f 1786/496/338 1787/497/339 1797/508/349
f 1786/496/338 1797/508/349 1796/507/348
f 1787/497/339 1788/498/340 1798/509/350
f 1787/497/339 1798/509/350 1797/508/349
f 1788/498/340 1789/499/341 1799/510/351
f 1788/498/340 1799/510/351 1798/509/350
f 1789/499/341 1790/500/342 1800/511/352
f 1789/499/341 1800/511/352 1799/510/351
f 1790/500/342 1791/501/343 1801/512/353
f 1790/500/342 1801/512/353 1800/511/352
f 1791/501/343 1792/502/344 1802/513/354
f 1791/501/343 1802/513/354 1801/512/353
f 1792/502/344 1784/503/336 1794/514/346
f 1792/502/344 1794/514/346 1802/513/354
f 1794/505/346 1793/504/345 1803/515/1
f 1794/505/346 1803/515/1 1803/516/1
f 1793/504/345 1795/506/347 1803/517/1
f 1793/504/345 1803/517/1 1803/515/1
f 1795/506/347 1796/507/348 1803/518/1
f 1795/506/347 1803/518/1 1803/517/1
f 1796/507/348 1797/508/349 1803/519/1
f 1796/507/348 1803/519/1 1803/518/1
f 1797/508/349 1798/509/350 1803/520/1
f 1797/508/349 1803/520/1 1803/519/1
f 1798/509/350 1799/510/351 1803/521/1
f 1798/509/350 1803/521/1 1803/520/1
f 1799/510/351 1800/511/352 1803/522/1
f 1799/510/351 1803/522/1 1803/521/1
f 1800/511/352 1801/512/353 1803/523/1
f 1800/511/352 1803/523/1 1803/522/1
f 1801/512/353 1802/513/354 1803/524/1
f 1801/512/353 1803/524/1 1803/523/1
f 1802/513/354 1794/514/346 1803/525/1
f 1802/513/354 1803/525/1 1803/524/1
f 1804/449/314 1804/450/314 1805/451/315
f 1804/449/314 1805/451/315 1806/452/316
f 1804/450/314 1804/453/314 1807/454/317
f 1804/450/314 1807/454/317 1805/451/315
f 1804/453/314 1804/455/314 1808/456/318
f 1804/453/314 1808/456/318 1807/454/317
f 1804/455/314 1804/457/314 1809/458/319
f 1804/455/314 1809/458/319 1808/456/318
f 1804/457/314 1804/459/314 1810/460/320
f 1804/457/314 1810/460/320 1809/458/319
f 1804/459/314 1804/461/314 1811/462/321
f 1804/459/314 1811/462/321 1810/460/320
f 1804/461/314 1804/463/314 1812/464/322
f 1804/461/314 1812/464/322 1811/462/321
f 1804/463/314 1804/465/314 1813/466/323
f 1804/463/314 1813/466/323 1812/464/322
f 1804/465/314 1804/467/314 1814/468/324
f 1804/465/314 1814/468/324 1813/466/323
f 1804/467/314 1804/469/314 1806/470/316
f 1804/467/314 1806/470/316 1814/468/324
f 1806/452/316 1805/451/315 1815/471/325
f 1806/452/316 1815/471/325 1816/472/326
f 1805/451/315 1807/454/317 1817/473/327
f 1805/451/315 1817/473/327 1815/471/325
f 1807/454/317 1808/456/318 1818/474/328
f 1807/454/317 1818/474/328 1817/473/327
f 1808/456/318 1809/458/319 1819/475/329
f 1808/456/318 1819/475/329 1818/474/328
f 1809/458/319 1810/460/320 1820/476/330
f 1809/458/319 1820/476/330 1819/475/329
f 1810/460/320 1811/462/321 1821/477/331
f 1810/460/320 1821/477/331 1820/476/330
f 1811/462/321 1812/464/322 1822/478/332
f 1811/462/321 1822/478/332 1821/477/331
f 1812/464/322 1813/466/323 1823/479/333
f 1812/464/322 1823/479/333 1822/478/332
f 1813/466/323 1814/468/324 1824/480/334
f 1813/466/323 1824/480/334 1823/479/333
f 1814/468/324 1806/470/316 1816/481/326
f 1814/468/324 1816/481/326 1824/480/334
f 1816/472/326 1815/471/325 1825/482/282
f 1816/472/326 1825/482/282 1826/483/3
f 1815/471/325 1817/473/327 1827/484/284
f 1815/471/325 1827/484/284 1825/482/282
f 1817/473/327 1818/474/328 1828/485/286
f 1817/473/327 1828/485/286 1827/484/284
f 1818/474/328 1819/475/329 1829/486/288
f 1818/474/328 1829/486/288 1828/485/286
f 1819/475/329 1820/476/330 1830/487/5
f 1819/475/329 1830/487/5 1829/486/288
f 1820/476/330 1821/477/331 1831/488/291
f 1820/476/330 1831/488/291 1830/487/5
f 1821/477/331 1822/478/332 1832/489/293
f 1821/477/331 1832/489/293 1831/488/291
f 1822/478/332 1823/479/333 1833/490/295
f 1822/478/332 1833/490/295 1832/489/293
f 1823/479/333 1824/480/334 1834/491/297
f 1823/479/333 1834/491/297 1833/490/295
f 1824/480/334 1816/481/326 1826/492/3
f 1824/480/334 1826/492/3 1834/491/297
f 1826/483/3 1825/482/282 1835/493/335
f 1826/483/3 1835/493/335 1836/494/336
f 1825/482/282 1827/484/284 1837/495/337
f 1825/482/282 1837/495/337 1835/493/335
f 1827/484/284 1828/485/286 1838/496/338
f 1827/484/284 1838/496/338 1837/495/337
f 1828/485/286 1829/486/288 1839/497/339
f 1828/485/286 1839/497/339 1838/496/338
f 1829/486/288 1830/487/5 1840/498/340
f 1829/486/288 1840/498/340 1839/497/339
f 1830/487/5 1831/488/291 1841/499/341
f 1830/487/5 1841/499/341 1840/498/340
f 1831/488/291 1832/489/293 1842/500/342
f 1831/488/291 1842/500/342 1841/499/341
f 1832/489/293 1833/490/295 1843/501/343
f 1832/489/293 1843/501/343 1842/500/342
f 1833/490/295 1834/491/297 1844/502/344
f 1833/490/295 1844/502/344 1843/501/343
f 1834/491/297 1826/492/3 1836/503/336
f 1834/491/297 1836/503/336 1844/502/344
f 1836/494/336 1835/493/335 1845/504/345
f 1836/494/336 1845/504/345 1846/505/346
f 1835/493/335 1837/495/337 1847/506/347
f 1835/493/335 1847/506/347 1845/504/345
f 1837/495/337 1838/496/338 1848/507/348
f 1837/495/337 1848/507/348 1847/506/347
f 1838/496/338 1839/497/339 1849/508/349
f 1838/496/338 1849/508/349 1848/507/348
f 1839/497/339 1840/498/340 1850/509/350
f 1839/497/339 1850/509/350 1849/508/349
f 1840/498/340 1841/499/341 1851/510/351
f 1840/498/340 1851/510/351 1850/509/350
f 1841/499/341 1842/500/342 1852/511/352
f 1841/499/341 1852/511/352 1851/510/351
f 1842/500/342 1843/501/343 1853/512/353
f 1842/500/342 1853/512/353 1852/511/352
f 1843/501/343 1844/502/344 1854/513/354
f 1843/501/343 1854/513/354 1853/512/353
f 1844/502/344 1836/503/336 1846/514/346
f 1844/502/344 1846/514/346 1854/513/354
f 1846/505/346 1845/504/345 1855/515/1
f 1846/505/346 1855/515/1 1855/516/1
f 1845/504/345 1847/506/347 1855/517/1
f 1845/504/345 1855/517/1 1855/515/1
f 1847/506/347 1848/507/348 1855/518/1
f 1847/506/347 1855/518/1 1855/517/1
f 1848/507/348 1849/508/349 1855/519/1
f 1848/507/348 1855/519/1 1855/518/1
f 1849/508/349 1850/509/350 1855/520/1
f 1849/508/349 1855/520/1 1855/519/1
f 1850/509/350 1851/510/351 1855/521/1
f 1850/509/350 1855/521/1 1855/520/1
f 1851/510/351 1852/511/352 1855/522/1
f 1851/510/351 1855/522/1 1855/521/1
f 1852/511/352 1853/512/353 1855/523/1
f 1852/511/352 1855/523/1 1855/522/1
f 1853/512/353 1854/513/354 1855/524/1
f 1853/512/353 1855/524/1 1855/523/1
f 1854/513/354 1846/514/346 1855/525/1
f 1854/513/354 1855/525/1 1855/524/1
f 1856/449/314 1856/450/314 1857/451/315
f 1856/449/314 1857/451/315 1858/452/316
f 1856/450/314 1856/453/314 1859/454/317
f 1856/450/314 1859/454/317 1857/451/315
f 1856/453/314 1856/455/314 1860/456/318
f 1856/453/314 1860/456/318 1859/454/317
f 1856/455/314 1856/457/314 1861/458/319
f 1856/455/314 1861/458/319 1860/456/318
f 1856/457/314 1856/459/314 1862/460/320
f 1856/457/314 1862/460/320 1861/458/319
f 1856/459/314 1856/461/314 1863/462/321
f 1856/459/314 1863/462/321 1862/460/320
f 1856/461/314 1856/463/314 1864/464/322
f 1856/461/314 1864/464/322 1863/462/321
f 1856/463/314 1856/465/314 1865/466/323
f 1856/463/314 1865/466/323 1864/464/322
f 1856/465/314 1856/467/314 1866/468/324
f 1856/465/314 1866/468/324 1865/466/323
f 1856/467/314 1856/469/314 1858/470/316
f 1856/467/314 1858/470/316 1866/468/324
f 1858/452/316 1857/451/315 1867/471/325
f 1858/452/316 1867/471/325 1868/472/326
f 1857/451/315 1859/454/317 1869/473/327
f 1857/451/315 1869/473/327 1867/471/325
f 1859/454/317 1860/456/318 1870/474/328
f 1859/454/317 1870/474/328 1869/473/327
f 1860/456/318 1861/458/319 1871/475/329
f 1860/456/318 1871/475/329 1870/474/328
f 1861/458/319 1862/460/320 1872/476/330
f 1861/458/319 1872/476/330 1871/475/329
f 1862/460/320 1863/462/321 1873/477/331
f 1862/460/320 1873/477/331 1872/476/330
f 1863/462/321 1864/464/322 1874/478/332
f 1863/462/321 1874/478/332 1873/477/331
f 1864/464/322 1865/466/323 1875/479/333
f 1864/464/322 1875/479/333 1874/478/332
f 1865/466/323 1866/468/324 1876/480/334
f 1865/466/323 1876/480/334 1875/479/333
f 1866/468/324 1858/470/316 1868/481/326
f 1866/468/324 1868/481/326 1876/480/334
f 1868/472/326 1867/471/325 1877/482/282
f 1868/472/326 1877/482/282 1878/483/3
f 1867/471/325 1869/473/327 1879/484/284
f 1867/471/325 1879/484/284 1877/482/282
f 1869/473/327 1870/474/328 1880/485/286
f 1869/473/327 1880/485/286 1879/484/284
f 1870/474/328 1871/475/329 1881/486/288
f 1870/474/328 1881/486/288 1880/485/286
f 1871/475/329 1872/476/330 1882/487/5
f 1871/475/329 1882/487/5 1881/486/288
f 1872/476/330 1873/477/331 1883/488/291
f 1872/476/330 1883/488/291 1882/487/5
f 1873/477/331 1874/478/332 1884/489/293
f 1873/477/331 1884/489/293 1883/488/291
f 1874/478/332 1875/479/333 1885/490/295
f 1874/478/332 1885/490/295 1884/489/293
f 1875/479/333 1876/480/334 1886/491/297
f 1875/479/333 1886/491/297 1885/490/295
f 1876/480/334 1868/481/326 1878/492/3
f 1876/480/334 1878/492/3 1886/491/297
f 1878/483/3 1877/482/282 1887/493/335
f 1878/483/3 1887/493/335 1888/494/336
f 1877/482/282 1879/484/284 1889/495/337
f 1877/482/282 1889/495/337 1887/493/335
f 1879/484/284 1880/485/286 1890/496/338
f 1879/484/284 1890/496/338 1889/495/337
f 1880/485/286 1881/486/288 1891/497/339
f 1880/485/286 1891/497/339 1890/496/338
f 1881/486/288 1882/487/5 1892/498/340
f 1881/486/288 1892/498/340 1891/497/339
f 1882/487/5 1883/488/291 1893/499/341
f 1882/487/5 1893/499/341 1892/498/340
f 1883/488/291 1884/489/293 1894/500/342
f 1883/488/291 1894/500/342 1893/499/341
f 1884/489/293 1885/490/295 1895/501/343
f 1884/489/293 1895/501/343 1894/500/342
f 1885/490/295 1886/491/297 1896/502/344
f 1885/490/295 1896/502/344 1895/501/343
f 1886/491/297 1878/492/3 1888/503/336
f 1886/491/297 1888/503/336 1896/502/344
f 1888/494/336 1887/493/335 1897/504/345
f 1888/494/336 1897/504/345 1898/505/346
f 1887/493/335 1889/495/337 1899/506/347
f 1887/493/335 1899/506/347 1897/504/345
f 1889/495/337 1890/496/338 1900/507/348
f 1889/495/337 1900/507/348 1899/506/347
f 1890/496/338 1891/497/339 1901/508/349
f 1890/496/338 1901/508/349 1900/507/348
f 1891/497/339 1892/498/340 1902/509/350
f 1891/497/339 1902/509/350 1901/508/349
f 1892/498/340 1893/499/341 1903/510/351
f 1892/498/340 1903/510/351 1902/509/350
f 1893/499/341 1894/500/342 1904/511/352
f 1893/499/341 1904/511/352 1903/510/351
f 1894/500/342 1895/501/343 1905/512/353
f 1894/500/342 1905/512/353 1904/511/352
f 1895/501/343 1896/502/344 1906/513/354
f 1895/501/343 1906/513/354 1905/512/353
f 1896/502/344 1888/503/336 1898/514/346
f 1896/502/344 1898/514/346 1906/513/354
f 1898/505/346 1897/504/345 1907/515/1
f 1898/505/346 1907/515/1 1907/516/1
f 1897/504/345 1899/506/347 1907/517/1
f 1897/504/345 1907/517/1 1907/515/1
f 1899/506/347 1900/507/348 1907/518/1
f 1899/506/347 1907/518/1 1907/517/1
f 1900/507/348 1901/508/349 1907/519/1
f 1900/507/348 1907/519/1 1907/518/1
f 1901/508/349 1902/509/350 1907/520/1
f 1901/508/349 1907/520/1 1907/519/1
f 1902/509/350 1903/510/351 1907/521/1
f 1902/509/350 1907/521/1 1907/520/1
f 1903/510/351 1904/511/352 1907/522/1
f 1903/510/351 1907/522/1 1907/521/1
f 1904/511/352 1905/512/353 1907/523/1
f 1904/511/352 1907/523/1 1907/522/1
f 1905/512/353 1906/513/354 1907/524/1
f 1905/512/353 1907/524/1 1907/523/1
f 1906/513/354 1898/514/346 1907/525/1
f 1906/513/354 1907/525/1 1907/524/1
f 1908/449/314 1908/450/314 1909/451/315
f 1908/449/314 1909/451/315 1910/452/316
f 1908/450/314 1908/453/314 1911/454/317
f 1908/450/314 1911/454/317 1909/451/315
f 1908/453/314 1908/455/314 1912/456/318
f 1908/453/314 1912/456/318 1911/454/317
f 1908/455/314 1908/457/314 1913/458/319
f 1908/455/314 1913/458/319 1912/456/318
f 1908/457/314 1908/459/314 1914/460/320
f 1908/457/314 1914/460/320 1913/458/319
f 1908/459/314 1908/461/314 1915/462/321
f 1908/459/314 1915/462/321 1914/460/320
f 1908/461/314 1908/463/314 1916/464/322
f 1908/461/314 1916/464/322 1915/462/321
f 1908/463/314 1908/465/314 1917/466/323
f 1908/463/314 1917/466/323 1916/464/322
f 1908/465/314 1908/467/314 1918/468/324
f 1908/465/314 1918/468/324 1917/466/323
f 1908/467/314 1908/469/314 1910/470/316
f 1908/467/314 1910/470/316 1918/468/324
f 1910/452/316 1909/451/315 1919/471/325
f 1910/452/316 1919/471/325 1920/472/326
f 1909/451/315 1911/454/317 1921/473/327
f 1909/451/315 1921/473/327 1919/471/325
f 1911/454/317 1912/456/318 1922/474/328
f 1911/454/317 1922/474/328 1921/473/327
f 1912/456/318 1913/458/319 1923/475/329
f 1912/456/318 1923/475/329 1922/474/328
f 1913/458/319 1914/460/320 1924/476/330
f 1913/458/319 1924/476/330 1923/475/329
f 1914/460/320 1915/462/321 1925/477/331
f 1914/460/320 1925/477/331 1924/476/330
f 1915/462/321 1916/464/322 1926/478/332
f 1915/462/321 1926/478/332 1925/477/331
f 1916/464/322 1917/466/323 1927/479/333
f 1916/464/322 1927/479/333 1926/478/332
f 1917/466/323 1918/468/324 1928/480/334
f 1917/466/323 1928/480/334 1927/479/333
f 1918/468/324 1910/470/316 1920/481/326
f 1918/468/324 1920/481/326 1928/480/334
f 1920/472/326 1919/471/325 1929/482/282
f 1920/472/326 1929/482/282 1930/483/3
f 1919/471/325 1921/473/327 1931/484/284
f 1919/471/325 1931/484/284 1929/482/282
f 1921/473/327 1922/474/328 1932/485/286
f 1921/473/327 1932/485/286 1931/484/284
f 1922/474/328 1923/475/329 1933/486/288
f 1922/474/328 1933/486/288 1932/485/286
f 1923/475/329 1924/476/330 1934/487/5
f 1923/475/329 1934/487/5 1933/486/288
f 1924/476/330 1925/477/331 1935/488/291
f 1924/476/330 1935/488/291 1934/487/5
f 1925/477/331 1926/478/332 1936/489/293
f 1925/477/331 1936/489/293 1935/488/291
f 1926/478/332 1927/479/333 1937/490/295
f 1926/478/332 1937/490/295 1936/489/293
f 1927/479/333 1928/480/334 1938/491/297
f 1927/479/333 1938/491/297 1937/490/295
f 1928/480/334 1920/481/326 1930/492/3
f 1928/480/334 1930/492/3 1938/491/297
f 1930/483/3 1929/482/282 1939/493/335
f 1930/483/3 1939/493/335 1940/494/336
f 1929/482/282 1931/484/284 1941/495/337
f 1929/482/282 1941/495/337 1939/493/335
f 1931/484/284 1932/485/286 1942/496/338
f 1931/484/284 1942/496/338 1941/495/337
f 1932/485/286 1933/486/288 1943/497/339
f 1932/485/286 1943/497/339 1942/496/338
f 1933/486/288 1934/487/5 1944/498/340
f 1933/486/288 1944/498/340 1943/497/339
f 1934/487/5 1935/488/291 1945/499/341
f 1934/487/5 1945/499/341 1944/498/340
f 1935/488/291 1936/489/293 1946/500/342
f 1935/488/291 1946/500/342 1945/499/341
f 1936/489/293 1937/490/295 1947/501/343
f 1936/489/293 1947/501/343 1946/500/342
f 1937/490/295 1938/491/297 1948/502/344
f 1937/490/295 1948/502/344 1947/501/343
f 1938/491/297 1930/492/3 1940/503/336
f 1938/491/297 1940/503/336 1948/502/344
f 1940/494/336 1939/493/335 1949/504/345
f 1940/494/336 1949/504/345 1950/505/346
f 1939/493/335 1941/495/337 1951/506/347
f 1939/493/335 1951/506/347 1949/504/345
f 1941/495/337 1942/496/338 1952/507/348
f 1941/495/337 1952/507/348 1951/506/347
f 1942/496/338 1943/497/339 1953/508/349
f 1942/496/338 1953/508/349 1952/507/348
f 1943/497/339 1944/498/340 1954/509/350
f 1943/497/339 1954/509/350 1953/508/349
f 1944/498/340 1945/499/341 1955/510/351
f 1944/498/340 1955/510/351 1954/509/350
f 1945/499/341 1946/500/342 1956/511/352
f 1945/499/341 1956/511/352 1955/510/351
f 1946/500/342 1947/501/343 1957/512/353
f 1946/500/342 1957/512/353 1956/511/352
f 1947/501/343 1948/502/344 1958/513/354
f 1947/501/343 1958/513/354 1957/512/353
f 1948/502/344 1940/503/336 1950/514/346
f 1948/502/344 1950/514/346 1958/513/354
f 1950/505/346 1949/504/345 1959/515/1
f 1950/505/346 1959/515/1 1959/516/1
f 1949/504/345 1951/506/347 1959/517/1
f 1949/504/345 1959/517/1 1959/515/1
f 1951/506/347 1952/507/348 1959/518/1
f 1951/506/347 1959/518/1 1959/517/1
f 1952/507/348 1953/508/349 1959/519/1
f 1952/507/348 1959/519/1 1959/518/1
f 1953/508/349 1954/509/350 1959/520/1
f 1953/508/349 1959/520/1 1959/519/1
f 1954/509/350 1955/510/351 1959/521/1
f 1954/509/350 1959/521/1 1959/520/1
f 1955/510/351 1956/511/352 1959/522/1
f 1955/510/351 1959/522/1 1959/521/1
f 1956/511/352 1957/512/353 1959/523/1
f 1956/511/352 1959/523/1 1959/522/1
f 1957/512/353 1958/513/354 1959/524/1
f 1957/512/353 1959/524/1 1959/523/1
f 1958/513/354 1950/514/346 1959/525/1
f 1958/513/354 1959/525/1 1959/524/1
f 1960/449/314 1960/450/314 1961/451/315
f 1960/449/314 1961/451/315 1962/452/316
f 1960/450/314 1960/453/314 1963/454/317
f 1960/450/314 1963/454/317 1961/451/315
f 1960/453/314 1960/455/314 1964/456/318
f 1960/453/314 1964/456/318 1963/454/317
f 1960/455/314 1960/457/314 1965/458/319
f 1960/455/314 1965/458/319 1964/456/318
f 1960/457/314 1960/459/314 1966/460/320
f 1960/457/314 1966/460/320 1965/458/319
f 1960/459/314 1960/461/314 1967/462/321
f 1960/459/314 1967/462/321 1966/460/320
f 1960/461/314 1960/463/314 1968/464/322
f 1960/461/314 1968/464/322 1967/462/321
f 1960/463/314 1960/465/314 1969/466/323
f 1960/463/314 1969/466/323 1968/464/322
f 1960/465/314 1960/467/314 1970/468/324
f 1960/465/314 1970/468/324 1969/466/323
f 1960/467/314 1960/469/314 1962/470/316
f 1960/467/314 1962/470/316 1970/468/324
f 1962/452/316 1961/451/315 1971/471/325
f 1962/452/316 1971/471/325 1972/472/326
f 1961/451/315 1963/454/317 1973/473/327
f 1961/451/315 1973/473/327 1971/471/325
f 1963/454/317 1964/456/318 1974/474/328
f 1963/454/317 1974/474/328 1973/473/327
f 1964/456/318 1965/458/319 1975/475/329
f 1964/456/318 1975/475/329 1974/474/328
f 1965/458/319 1966/460/320 1976/476/330
f 1965/458/319 1976/476/330 1975/475/329
f 1966/460/320 1967/462/321 1977/477/331
f 1966/460/320 1977/477/331 1976/476/330
f 1967/462/321 1968/464/322 1978/478/332
f 1967/462/321 1978/478/332 1977/477/331
f 1968/464/322 1969/466/323 1979/479/333
f 1968/464/322 1979/479/333 1978/478/332
f 1969/466/323 1970/468/324 1980/480/334
f 1969/466/323 1980/480/334 1979/479/333
f 1970/468/324 1962/470/316 1972/481/326
f 1970/468/324 1972/481/326 1980/480/334
f 1972/472/326 1971/471/325 1981/482/282
f 1972/472/326 1981/482/282 1982/483/3
f 1971/471/325 1973/473/327 1983/484/284
f 1971/471/325 1983/484/284 1981/482/282
f 1973/473/327 1974/474/328 1984/485/286
f 1973/473/327 1984/485/286 1983/484/284
f 1974/474/328 1975/475/329 1985/486/288
f 1974/474/328 1985/486/288 1984/485/286
f 1975/475/329 1976/476/330 1986/487/5
f 1975/475/329 1986/487/5 1985/486/288
f 1976/476/330 1977/477/331 1987/488/291
f 1976/476/330 1987/488/291 1986/487/5
f 1977/477/331 1978/478/332 1988/489/293
f 1977/477/331 1988/489/293 1987/488/291
f 1978/478/332 1979/479/333 1989/490/295
f 1978/478/332 1989/490/295 1988/489/293
f 1979/479/333 1980/480/334 1990/491/297
f 1979/479/333 1990/491/297 1989/490/295
f 1980/480/334 1972/481/326 1982/492/3
f 1980/480/334 1982/492/3 1990/491/297
f 1982/483/3 1981/482/282 1991/493/335
f 1982/483/3 1991/493/335 1992/494/336
f 1981/482/282 1983/484/284 1993/495/337
f 1981/482/282 1993/495/337 1991/493/335
f 1983/484/284 1984/485/286 1994/496/338
f 1983/484/284 1994/496/338 1993/495/337
f 1984/485/286 1985/486/288 1995/497/339
f 1984/485/286 1995/497/339 1994/496/338
f 1985/486/288 1986/487/5 1996/498/340
f 1985/486/288 1996/498/340 1995/497/339
f 1986/487/5 1987/488/291 1997/499/341
f 1986/487/5 1997/499/341 1996/498/340
f 1987/488/291 1988/489/293 1998/500/342
f 1987/488/291 1998/500/342 1997/499/341
f 1988/489/293 1989/490/295 1999/501/343
f 1988/489/293 1999/501/343 1998/500/342
f 1989/490/295 1990/491/297 2000/502/344
f 1989/490/295 2000/502/344 1999/501/343
f 1990/491/297 1982/492/3 1992/503/336
f 1990/491/297 1992/503/336 2000/502/344
f 1992/494/336 1991/493/335 2001/504/345
f 1992/494/336 2001/504/345 2002/505/346
f 1991/493/335 1993/495/337 2003/506/347
f 1991/493/335 2003/506/347 2001/504/345
f 1993/495/337 1994/496/338 2004/507/348
f 1993/495/337 2004/507/348 2003/506/347
f 1994/496/338 1995/497/339 2005/508/349
f 1994/496/338 2005/508/349 2004/507/348
f 1995/497/339 1996/498/340 2006/509/350
f 1995/497/339 2006/509/350 2005/508/349
f 1996/498/340 1997/499/341 2007/510/351
f 1996/498/340 2007/510/351 2006/509/350
f 1997/499/341 1998/500/342 2008/511/352
f 1997/499/341 2008/511/352 2007/510/351
f 1998/500/342 1999/501/343 2009/512/353
f 1998/500/342 2009/512/353 2008/511/352
f 1999/501/343 2000/502/344 2010/513/354
f 1999/501/343 2010/513/354 2009/512/353
f 2000/502/344 1992/503/336 2002/514/346
f 2000/502/344 2002/514/346 2010/513/354
f 2002/505/346 2001/504/345 2011/515/1
f 2002/505/346 2011/515/1 2011/516/1
f 2001/504/345 2003/506/347 2011/517/1
f 2001/504/345 2011/517/1 2011/515/1
f 2003/506/347 2004/507/348 2011/518/1
f 2003/506/347 2011/518/1 2011/517/1
f 2004/507/348 2005/508/349 2011/519/1
f 2004/507/348 2011/519/1 2011/518/1
f 2005/508/349 2006/509/350 2011/520/1
f 2005/508/349 2011/520/1 2011/519/1
f 2006/509/350 2007/510/351 2011/521/1
f 2006/509/350 2011/521/1 2011/520/1
f 2007/510/351 2008/511/352 2011/522/1
f 2007/510/351 2011/522/1 2011/521/1
f 2008/511/352 2009/512/353 2011/523/1
f 2008/511/352 2011/523/1 2011/522/1
f 2009/512/353 2010/513/354 2011/524/1
f 2009/512/353 2011/524/1 2011/523/1
f 2010/513/354 2002/514/346 2011/525/1
f 2010/513/354 2011/525/1 2011/524/1
